[{"__type__":"cc.SpriteFrame","content":{"name":"j_2","texture":"7aNGuFaTNEiIrMceu9Wo2i","rect":[1845,206,40,40],"offset":[0,0],"originalSize":[40,40]}},{"__type__":"cc.SpriteFrame","content":{"name":"img_jy","texture":"7aNGuFaTNEiIrMceu9Wo2i","rect":[1894,2,33,36],"offset":[0,0],"originalSize":[33,36],"capInsets":[1,1,1,3]}},{"__type__":"cc.BitmapFont","_name":"gift_fnt","spriteFrame":{"__uuid__":"1fP3jZbstB6qt8q6sPQZcU"},"fontSize":32,"_fntConfig":{"commonHeight":32,"fontSize":32,"atlasName":"gift_fnt_0.png","fontDefDictionary":{"43":{"rect":{"x":204,"y":36,"width":28,"height":35},"xOffset":0,"yOffset":0,"xAdvance":28},"46":{"rect":{"x":233,"y":36,"width":16,"height":35},"xOffset":0,"yOffset":0,"xAdvance":16},"48":{"rect":{"x":0,"y":72,"width":28,"height":35},"xOffset":0,"yOffset":0,"xAdvance":28},"49":{"rect":{"x":232,"y":72,"width":23,"height":35},"xOffset":0,"yOffset":0,"xAdvance":23},"50":{"rect":{"x":29,"y":72,"width":28,"height":35},"xOffset":0,"yOffset":0,"xAdvance":28},"51":{"rect":{"x":58,"y":72,"width":28,"height":35},"xOffset":0,"yOffset":0,"xAdvance":28},"52":{"rect":{"x":87,"y":72,"width":28,"height":35},"xOffset":0,"yOffset":0,"xAdvance":28},"53":{"rect":{"x":116,"y":72,"width":28,"height":35},"xOffset":0,"yOffset":0,"xAdvance":28},"54":{"rect":{"x":145,"y":72,"width":28,"height":35},"xOffset":0,"yOffset":0,"xAdvance":28},"55":{"rect":{"x":174,"y":72,"width":28,"height":35},"xOffset":0,"yOffset":0,"xAdvance":28},"56":{"rect":{"x":203,"y":72,"width":28,"height":35},"xOffset":0,"yOffset":0,"xAdvance":28},"57":{"rect":{"x":0,"y":108,"width":28,"height":35},"xOffset":0,"yOffset":0,"xAdvance":28},"66":{"rect":{"x":118,"y":0,"width":34,"height":35},"xOffset":0,"yOffset":0,"xAdvance":34},"68":{"rect":{"x":153,"y":0,"width":34,"height":35},"xOffset":0,"yOffset":0,"xAdvance":34},"69":{"rect":{"x":140,"y":36,"width":31,"height":35},"xOffset":0,"yOffset":0,"xAdvance":31},"71":{"rect":{"x":188,"y":0,"width":34,"height":35},"xOffset":0,"yOffset":0,"xAdvance":34},"75":{"rect":{"x":0,"y":36,"width":34,"height":35},"xOffset":0,"yOffset":0,"xAdvance":34},"76":{"rect":{"x":172,"y":36,"width":31,"height":35},"xOffset":0,"yOffset":0,"xAdvance":31},"77":{"rect":{"x":41,"y":0,"width":38,"height":35},"xOffset":0,"yOffset":0,"xAdvance":38},"78":{"rect":{"x":35,"y":36,"width":34,"height":35},"xOffset":0,"yOffset":0,"xAdvance":34},"80":{"rect":{"x":70,"y":36,"width":34,"height":35},"xOffset":0,"yOffset":0,"xAdvance":34},"84":{"rect":{"x":105,"y":36,"width":34,"height":35},"xOffset":0,"yOffset":0,"xAdvance":34},"86":{"rect":{"x":223,"y":0,"width":32,"height":35},"xOffset":0,"yOffset":0,"xAdvance":32},"89":{"rect":{"x":0,"y":0,"width":40,"height":35},"xOffset":0,"yOffset":0,"xAdvance":40},"90":{"rect":{"x":80,"y":0,"width":37,"height":35},"xOffset":0,"yOffset":0,"xAdvance":37}},"kerningDict":{}}},{"__type__":"cc.SpriteFrame","content":{"name":"t_1_100","texture":"7aNGuFaTNEiIrMceu9Wo2i","rect":[1444,2,100,100],"offset":[0,0],"originalSize":[100,100]}},{"__type__":"cc.SpriteFrame","content":{"name":"t_2","texture":"7aNGuFaTNEiIrMceu9Wo2i","rect":[1073,204,40,40],"offset":[0,0],"originalSize":[40,40]}},{"__type__":"cc.SpriteFrame","content":{"name":"btn_lanse","texture":"7aNGuFaTNEiIrMceu9Wo2i","rect":[192,204,132,43],"offset":[0,0],"originalSize":[132,43],"capInsets":[2,3,4,8]}},{"__type__":"cc.SpriteAtlas","_name":"box.plist","_spriteFrames":{"bg_1":{"__uuid__":"b7MqdqA3hM7pkvj4ZW2bHU"},"bg_2":{"__uuid__":"56wUASNqVCd5TwLuHlsYBZ"},"bg_tk":{"__uuid__":"b9r6oWhFpJ57GG5lAIVHcF"},"box-gold":{"__uuid__":"7egOgjUlNLjYEoDqXjaqZe"},"box-silver":{"__uuid__":"eepftIwphBr4uxZ/XbdNKm"},"btn_claim":{"__uuid__":"7bo6tMpFxKA5Jz+/4ryHUA"},"btn_claimx3":{"__uuid__":"905tDhSqpCP6jJ6F5N7GqJ"},"btn_green":{"__uuid__":"a82VUB6ihHs5+SQAWpWM6N"},"btn_heise":{"__uuid__":"ebtcM+/yxNrZNr+tZe3F3c"},"btn_juhuang":{"__uuid__":"892R9frOND+I1dli46M3J1"},"btn_lanse":{"__uuid__":"07O3sGmpFPe7+2GTdXnWBb"},"btn_level-up":{"__uuid__":"f9/KI8BHlI3KXKeeu/qGcP"},"btn_level_open":{"__uuid__":"d0/eASnf1Fn6r1otDO3BiS"},"chanzi_1":{"__uuid__":"2bCtec+vxF+6R5qodFvQUX"},"chanzi_2":{"__uuid__":"d8waxfLM5Nk409nr5dRVx4"},"chanzi_3":{"__uuid__":"8cl4G5BsFP3qGKS1B+YmvD"},"chuizi_1":{"__uuid__":"c4EJqzoZ1JwIlnCyN04fbk"},"chuizi_2":{"__uuid__":"b0Il4pEoZH0bD2OO+VzzIy"},"chutou_1":{"__uuid__":"edplHzv0tFb6FuKJQNvDhB"},"chutou_2":{"__uuid__":"f3RajIzN9OXpJsLoS70UBw"},"chutou_3":{"__uuid__":"bdv8T3ZV1JOph1RbQPI1K2"},"dianzuan_1":{"__uuid__":"a3HOL97KxBH5Wj/liqASmv"},"dianzuan_2":{"__uuid__":"d3cKRsXVVJn5ku/ORP+Mev"},"icon_baoshi":{"__uuid__":"95Ry8Ao95Mbqd10jOR6xQK"},"icon_dianji":{"__uuid__":"86XiN8RmdPxr2PvtQ3utoG"},"icon_huoqu":{"__uuid__":"eetzNgDTdCppXVG3Kn4EFP"},"icon_jinbi":{"__uuid__":"43EsbERrFI94RJkFtPVGDR"},"icon_shipin":{"__uuid__":"e0R5GE8LJO8rhuO9+hqBrs"},"img_diban":{"__uuid__":"a3L3is84hC5olUpUL5d2JN"},"img_jy":{"__uuid__":"01ndcBNy9Mxac5vQqBkPms"},"img_jy_di":{"__uuid__":"34D7IYwR1EALD9PLrSq6fg"},"img_jy_di1":{"__uuid__":"35ipC6/SVGjaF6MUkwiH0J"},"img_shijian":{"__uuid__":"d79Gag9sdI7Y6aTgY1rbtK"},"img_tanchuang":{"__uuid__":"76eq4jdnJAJoaixN7IG93q"},"img_wenhao":{"__uuid__":"e11TVtEZFMsZ/NsC8PSj8G"},"j_1":{"__uuid__":"c5c3dI/6lLMoB/oG3DX4tm"},"j_1_100":{"__uuid__":"ac9z4s5pdO9IOegwSSeT5I"},"j_2":{"__uuid__":"00Cr4u8SRJ0qEXNf0EQs5k"},"j_3":{"__uuid__":"97KpZ/F5NBYrQT3UZOdZZu"},"s_1":{"__uuid__":"3eCaXaNmxGQLVJ3usJ/akN"},"s_1_100":{"__uuid__":"deNDCMQMlH6bEnVqealfnh"},"s_2":{"__uuid__":"f4KcvoIM1KfK4IwuKQqjL3"},"s_2_100":{"__uuid__":"4fgn+dDYlDo58q5CFdcoIa"},"s_3":{"__uuid__":"65ejNL8BZMBbe/akA+AODt"},"t_0":{"__uuid__":"ff9HvBKb1KzZAiEWarJl3M"},"t_0_100":{"__uuid__":"f2XQLxddVBlrwi6QcFHs1m"},"t_1":{"__uuid__":"d4ztfth9tK9KDUkpbcmewq"},"t_1_100":{"__uuid__":"033QbYN/BP9Zy3GS7puhrd"},"t_2":{"__uuid__":"069z7XBwpOK7qL4zvCtJgY"},"t_2_100":{"__uuid__":"84yCWCn2xAHpNqXj8fppZY"},"t_3":{"__uuid__":"86kZl88xRMFqN+GISxP+Tr"},"t_3_100":{"__uuid__":"0aipnM1PhGI6fTB3udiyeq"},"t_4":{"__uuid__":"d70r9iK39MSoPfdeg9susc"},"ui_tc":{"__uuid__":"de3gd7t4BP+LGZyJ/tDeoc"}}},{"__type__":"cc.SpriteFrame","content":{"name":"t_3_100","texture":"7aNGuFaTNEiIrMceu9Wo2i","rect":[1240,2,100,100],"offset":[0,0],"originalSize":[100,100]}},[{"__type__":"cc.Prefab","_name":"marginsb","data":{"__id__":1},"asyncLoadAssets":null},{"__type__":"cc.Node","_name":"marginsb","_components":[{"__id__":2},{"__type__":"6d795ZMVLpEF5KTPgLM7Nm9","node":{"__id__":1},"sp":{"__id__":2}}],"_prefab":{"__type__":"cc.PrefabInfo","root":{"__id__":1},"asset":{"__uuid__":"11YCfUYkNPZZrXCKoW9RG0"},"fileId":"eeuMw9ASVCtJJEAK9QKE3Q"},"_contentSize":{"__type__":"cc.Size","width":43,"height":100}},{"__type__":"cc.Sprite","node":{"__id__":1},"_spriteFrame":{"__uuid__":"ac9z4s5pdO9IOegwSSeT5I"},"_type":2,"_sizeMode":0}],{"__type__":"cc.SpriteFrame","content":{"name":"gift_fnt_0","texture":"a9YPKlgfhBXpA3nQG8gHIO","rect":[2,0,251,143],"offset":[-0.5,3.5],"originalSize":[256,150]}},{"__type__":"sp.SkeletonData","_name":"box-gold","_rawFiles":["raw-skeleton.json"],"_skeletonJson":{"skeleton":{"fps":24,"hash":" ","name":"MovieClip"},"bones":[{"name":"root"},{"name":"box_jin1","parent":"root"},{"name":"box_jin2","parent":"root"},{"name":"box_jin3","parent":"root"}],"slots":[{"name":"box_jin1","bone":"box_jin1"},{"name":"box_jin2","bone":"box_jin2"},{"name":"box_jin3","bone":"box_jin3"}],"skins":{"default":{"box_jin3":{"box_jin3":{"name":"box_jin3","width":120,"height":60}},"box_jin2":{"box_jin2":{"name":"box_jin2","width":115,"height":71}},"box_jin1":{"box_jin1":{"name":"box_jin1","width":120,"height":111}}}},"animations":{"newAnimation":{"bones":{"box_jin1":{"rotate":[{"time":0,"angle":0},{"time":0.5833,"angle":0},{"time":0.625,"angle":8},{"time":0.7083,"angle":-8},{"time":0.7916,"angle":8},{"time":0.8749,"angle":-8},{"time":0.9582,"angle":8},{"time":0.9999,"angle":0}],"scale":[{"time":0,"x":0.6,"y":0.6},{"time":0.5833,"x":1,"y":1},{"time":1,"x":1,"y":1},{"time":1.0417,"x":0.5,"y":0.5},{"time":1.125,"x":1,"y":1}],"shear":[{"time":0},{"time":0.5833},{"time":0.625},{"time":0.7083},{"time":0.7916},{"time":0.8749},{"time":0.9582},{"time":0.9999}]},"box_jin2":{"translate":[{"time":0,"x":-1.03,"y":39.95}]},"box_jin3":{"translate":[{"time":0,"y":-25.43}]}},"slots":{"box_jin1":{"attachment":[{"time":0,"name":"box_jin1"}],"color":[{"time":0,"color":"FFFFFFFF"},{"time":1.0417,"color":"FFFFFFFF"},{"time":1.125,"color":"FFFFFF00"}]},"box_jin2":{"attachment":[{"time":0,"name":"box_jin2"}],"color":[{"time":0,"curve":"stepped","color":"FFFFFF00"},{"time":1.125,"color":"FFFFFFFF"}]},"box_jin3":{"attachment":[{"time":0,"name":"box_jin3"}],"color":[{"time":0,"curve":"stepped","color":"FFFFFF00"},{"time":1.125,"color":"FFFFFFFF"}]}}}}},"_atlasText":"\nbox-gold.png\nsize: 128,256\nformat: RGBA8888\nfilter: Linear,Linear\nrepeat: none\nbox_jin1\n  rotate: false\n  xy: 1, 1\n  size: 120, 111\n  orig: 120, 111\n  offset: 0, 0\n  index: -1\nbox_jin2\n  rotate: false\n  xy: 1, 114\n  size: 115, 71\n  orig: 115, 71\n  offset: 0, 0\n  index: -1\nbox_jin3\n  rotate: false\n  xy: 1, 187\n  size: 120, 60\n  orig: 120, 60\n  offset: 0, 0\n  index: -1\n","atlasUrl":{"__uuid__":"51QTWdo3hH26p03eDZaJfJ"},"textures":[{"__uuid__":"fbPNZwmDNGH71i/vIkGhO4"}]},{"__type__":"cc.SpriteFrame","content":{"name":"default_btn_disabled","texture":"71VhFCTINJM6/Ky3oX9nBT","rect":[0,0,40,40],"offset":[0,0],"originalSize":[40,40],"capInsets":[15,7,15,9]}},{"__type__":"cc.SpriteFrame","content":{"name":"chanzi_1","texture":"7aNGuFaTNEiIrMceu9Wo2i","rect":[1738,171,63,63],"offset":[0,-1],"originalSize":[65,65]}},[{"__type__":"cc.Prefab","_name":"marginss","data":{"__id__":1},"asyncLoadAssets":null},{"__type__":"cc.Node","_name":"marginss","_components":[{"__id__":2},{"__type__":"0559bOse+FLKLiKQnw4uZRG","node":{"__id__":1},"sp":{"__id__":2}}],"_prefab":{"__type__":"cc.PrefabInfo","root":{"__id__":1},"asset":{"__uuid__":"2dWw3BAmlCM7KVMBS44s4T"},"fileId":"8bOxeW86VBJKRW8TaNUoct"},"_contentSize":{"__type__":"cc.Size","width":12.5,"height":40}},{"__type__":"cc.Sprite","node":{"__id__":1},"_spriteFrame":{"__uuid__":"c5c3dI/6lLMoB/oG3DX4tm"},"_type":2,"_sizeMode":0}],{"__type__":"cc.SpriteFrame","content":{"name":"img_jy_di","texture":"7aNGuFaTNEiIrMceu9Wo2i","rect":[1894,40,30,36],"offset":[0,0],"originalSize":[30,36],"capInsets":[2,1,4,3]}},{"__type__":"cc.SpriteFrame","content":{"name":"img_jy_di1","texture":"7aNGuFaTNEiIrMceu9Wo2i","rect":[1320,104,15,59],"offset":[0,0],"originalSize":[15,59],"rotated":1,"capInsets":[3,6,3,7]}},{"__type__":"cc.SpriteFrame","content":{"name":"s_1","texture":"7aNGuFaTNEiIrMceu9Wo2i","rect":[1283,201,40,40],"offset":[0,0],"originalSize":[40,40]}},[{"__type__":"cc.Prefab","_name":"ui_bottom","data":{"__id__":1},"asyncLoadAssets":null},{"__type__":"cc.Node","_name":"ui_bottom","_children":[{"__id__":2},{"__id__":4},{"__id__":8},{"__id__":10},{"__id__":12},{"__id__":14},{"__id__":16},{"__id__":18}],"_components":[{"__type__":"cc.Sprite","node":{"__id__":1},"_spriteFrame":{"__uuid__":"de3gd7t4BP+LGZyJ/tDeoc"},"_type":1,"_sizeMode":0},{"__type__":"6dad3pwFptLA5hhznBCnVmV","node":{"__id__":1},"title":{"__id__":15},"icon":{"__id__":3},"iconLabel":{"__id__":19},"desc_1":{"__id__":17},"btn":{"__id__":9},"progressBar":{"__id__":7},"btntext":{"__id__":13},"iconGem":{"__id__":11}}],"_prefab":{"__type__":"cc.PrefabInfo","root":{"__id__":1},"asset":{"__uuid__":"3f3dPt0bZN4aRazaodI5u6"},"fileId":"bbA4AYH+tAuaR+2Ad/eLQM"},"_contentSize":{"__type__":"cc.Size","width":150,"height":200}},{"__type__":"cc.Node","_name":"icon","_parent":{"__id__":1},"_components":[{"__id__":3}],"_prefab":{"__type__":"cc.PrefabInfo","root":{"__id__":1},"asset":{"__uuid__":"3f3dPt0bZN4aRazaodI5u6"},"fileId":"6cgf66dGFAIYdxmnqhvEEm"},"_contentSize":{"__type__":"cc.Size","width":41,"height":55},"_position":{"__type__":"cc.Vec2","y":23.7}},{"__type__":"cc.Sprite","node":{"__id__":2}},{"__type__":"cc.Node","_name":"progress","_parent":{"__id__":1},"_children":[{"__id__":5}],"_active":false,"_components":[{"__type__":"cc.Sprite","node":{"__id__":4},"_spriteFrame":{"__uuid__":"34D7IYwR1EALD9PLrSq6fg"},"_sizeMode":0},{"__id__":7}],"_prefab":{"__type__":"cc.PrefabInfo","root":{"__id__":1},"asset":{"__uuid__":"3f3dPt0bZN4aRazaodI5u6"},"fileId":"c2AFduzQhFSaxjF5oS/05/"},"_contentSize":{"__type__":"cc.Size","width":137,"height":42},"_position":{"__type__":"cc.Vec2","x":-1,"y":-77}},{"__type__":"cc.Node","_name":"bar","_parent":{"__id__":4},"_components":[{"__id__":6}],"_prefab":{"__type__":"cc.PrefabInfo","root":{"__id__":1},"asset":{"__uuid__":"3f3dPt0bZN4aRazaodI5u6"},"fileId":"fbERCShptMZYTx1oYs2bWz"},"_anchorPoint":{"__type__":"cc.Vec2","y":0.5},"_contentSize":{"__type__":"cc.Size","width":95.89999999999999,"height":42},"_position":{"__type__":"cc.Vec2","x":-69}},{"__type__":"cc.Sprite","node":{"__id__":5},"_spriteFrame":{"__uuid__":"892R9frOND+I1dli46M3J1"},"_type":1,"_sizeMode":0},{"__type__":"cc.ProgressBar","node":{"__id__":4},"_N$totalLength":137,"_N$barSprite":{"__id__":6},"_N$progress":0.7},{"__type__":"cc.Node","_name":"btn","_parent":{"__id__":1},"_components":[{"__type__":"cc.Sprite","node":{"__id__":8},"_spriteFrame":{"__uuid__":"892R9frOND+I1dli46M3J1"},"_type":1,"_sizeMode":0},{"__id__":9}],"_prefab":{"__type__":"cc.PrefabInfo","root":{"__id__":1},"asset":{"__uuid__":"3f3dPt0bZN4aRazaodI5u6"},"fileId":"f7MRuFQtJGdpIbTnSf0ehB"},"_contentSize":{"__type__":"cc.Size","width":138,"height":41},"_position":{"__type__":"cc.Vec2","x":-1,"y":-76}},{"__type__":"cc.Button","node":{"__id__":8},"transition":2,"pressedColor":{"__type__":"cc.Color","r":80,"g":19,"b":19},"clickEvents":[{"__type__":"cc.ClickEvent","target":{"__id__":1},"component":"UIBottom","handler":"onClickButton"}],"_N$normalColor":{"__type__":"cc.Color","r":255,"g":255,"b":255},"_N$disabledColor":{"__type__":"cc.Color","r":255,"g":255,"b":255},"_N$normalSprite":{"__uuid__":"892R9frOND+I1dli46M3J1"},"_N$pressedSprite":{"__uuid__":"892R9frOND+I1dli46M3J1"},"pressedSprite":{"__uuid__":"892R9frOND+I1dli46M3J1"},"_N$hoverSprite":{"__uuid__":"892R9frOND+I1dli46M3J1"},"hoverSprite":{"__uuid__":"892R9frOND+I1dli46M3J1"},"_N$disabledSprite":{"__uuid__":"ebtcM+/yxNrZNr+tZe3F3c"},"_N$target":{"__id__":8}},{"__type__":"cc.Node","_name":"icon_gem","_parent":{"__id__":1},"_active":false,"_components":[{"__id__":11}],"_prefab":{"__type__":"cc.PrefabInfo","root":{"__id__":1},"asset":{"__uuid__":"3f3dPt0bZN4aRazaodI5u6"},"fileId":"73+7n2x/FHvq+tWlpsyEoS"},"_contentSize":{"__type__":"cc.Size","width":40,"height":40},"_scaleX":0.5,"_scaleY":0.5,"_position":{"__type__":"cc.Vec2","x":37,"y":-74}},{"__type__":"cc.Sprite","node":{"__id__":10},"_spriteFrame":{"__uuid__":"95Ry8Ao95Mbqd10jOR6xQK"}},{"__type__":"cc.Node","_name":"text","_parent":{"__id__":1},"_components":[{"__id__":13}],"_prefab":{"__type__":"cc.PrefabInfo","root":{"__id__":1},"asset":{"__uuid__":"3f3dPt0bZN4aRazaodI5u6"},"fileId":"94rUzduTBEKZRVfyLPefob"},"_color":{"__type__":"cc.Color"},"_contentSize":{"__type__":"cc.Size","width":120,"height":40},"_position":{"__type__":"cc.Vec2","x":-2,"y":-75}},{"__type__":"cc.Label","node":{"__id__":12},"_useOriginalSize":false,"_actualFontSize":20,"_fontSize":20,"_enableWrapText":false,"_isSystemFontUsed":false,"_N$string":"toch active","_N$horizontalAlign":1,"_N$verticalAlign":1,"_N$overflow":1},{"__type__":"cc.Node","_name":"title","_parent":{"__id__":1},"_components":[{"__id__":15}],"_prefab":{"__type__":"cc.PrefabInfo","root":{"__id__":1},"asset":{"__uuid__":"3f3dPt0bZN4aRazaodI5u6"},"fileId":"b6yHWMdxJB8rN05YtVjeJZ"},"_contentSize":{"__type__":"cc.Size","width":54,"height":22},"_position":{"__type__":"cc.Vec2","x":-1,"y":81}},{"__type__":"cc.Label","node":{"__id__":14},"_useOriginalSize":false,"_actualFontSize":22,"_fontSize":22,"_lineHeight":22,"_isSystemFontUsed":false,"_N$horizontalAlign":1,"_N$verticalAlign":1},{"__type__":"cc.Node","_name":"desc_1","_parent":{"__id__":1},"_components":[{"__id__":17}],"_prefab":{"__type__":"cc.PrefabInfo","root":{"__id__":1},"asset":{"__uuid__":"3f3dPt0bZN4aRazaodI5u6"},"fileId":"61DU86b4VBhaq1pveZFAlh"},"_contentSize":{"__type__":"cc.Size","width":100,"height":32},"_position":{"__type__":"cc.Vec2","y":-39}},{"__type__":"cc.Label","node":{"__id__":16},"_useOriginalSize":false,"_actualFontSize":16,"_fontSize":16,"_lineHeight":16,"_isSystemFontUsed":false,"_N$string":"ddfsdfsdfsdf\nwewewf","_N$horizontalAlign":1,"_N$verticalAlign":1,"_N$overflow":3},{"__type__":"cc.Node","_name":"iconLabel","_parent":{"__id__":1},"_components":[{"__id__":19}],"_prefab":{"__type__":"cc.PrefabInfo","root":{"__id__":1},"asset":{"__uuid__":"3f3dPt0bZN4aRazaodI5u6"},"fileId":"faDTJh4ktE6qhlt2/nQVU2"},"_contentSize":{"__type__":"cc.Size","width":100,"height":20},"_position":{"__type__":"cc.Vec2","x":1,"y":29}},{"__type__":"cc.Label","node":{"__id__":18},"_useOriginalSize":false,"_actualFontSize":30,"_fontSize":30,"_lineHeight":20,"_N$string":"4H","_N$horizontalAlign":1,"_N$verticalAlign":1,"_N$overflow":3}],{"__type__":"cc.SpriteFrame","content":{"name":"icon_jinbi","texture":"7aNGuFaTNEiIrMceu9Wo2i","rect":[1852,2,40,40],"offset":[0,0],"originalSize":[40,40]}},{"__type__":"cc.SpriteFrame","content":{"name":"s_2_100","texture":"7aNGuFaTNEiIrMceu9Wo2i","rect":[1648,2,100,100],"offset":[0,0],"originalSize":[100,100]}},{"__type__":"cc.SpriteFrame","content":{"name":"bg_2","texture":"7aNGuFaTNEiIrMceu9Wo2i","rect":[1325,198,47,49],"offset":[0,0],"originalSize":[47,49]}},{"__type__":"cc.SpriteFrame","content":{"name":"s_3","texture":"7aNGuFaTNEiIrMceu9Wo2i","rect":[1199,203,40,40],"offset":[0,0],"originalSize":[40,40]}},{"__type__":"cc.SpriteFrame","content":{"name":"img_tanchuang","texture":"7aNGuFaTNEiIrMceu9Wo2i","rect":[1383,116,71,67],"offset":[0,0],"originalSize":[71,67],"rotated":1,"capInsets":[1,1,1,10]}},{"__type__":"cc.SpriteFrame","content":{"name":"btn_claim","texture":"7aNGuFaTNEiIrMceu9Wo2i","rect":[1190,2,130,48],"offset":[0,0],"originalSize":[130,48],"rotated":1}},{"__type__":"cc.SpriteFrame","content":{"name":"box-gold","texture":"7aNGuFaTNEiIrMceu9Wo2i","rect":[1190,134,72,67],"offset":[0,0],"originalSize":[72,67]}},{"__type__":"cc.SpriteFrame","content":{"name":"t_2_100","texture":"7aNGuFaTNEiIrMceu9Wo2i","rect":[1342,2,100,100],"offset":[0,0],"originalSize":[100,100]}},{"__type__":"cc.SpriteFrame","content":{"name":"icon_dianji","texture":"7aNGuFaTNEiIrMceu9Wo2i","rect":[932,204,41,55],"offset":[0,0],"originalSize":[73,73],"rotated":1}},{"__type__":"cc.SpriteFrame","content":{"name":"t_3","texture":"7aNGuFaTNEiIrMceu9Wo2i","rect":[1031,204,40,40],"offset":[0,0],"originalSize":[40,40]}},[{"__type__":"cc.SceneAsset","_name":"boxa","scene":{"__id__":1},"asyncLoadAssets":null},{"__type__":"cc.Scene","_name":"New Node","_children":[{"__id__":2},{"__id__":74}],"_anchorPoint":{"__type__":"cc.Vec2"},"autoReleaseAssets":false},{"__type__":"cc.Node","_name":"Canvas","_parent":{"__id__":1},"_children":[{"__id__":3},{"__id__":9},{"__id__":11},{"__id__":13},{"__id__":59},{"__id__":61}],"_components":[{"__type__":"cc.Canvas","node":{"__id__":2},"_designResolution":{"__type__":"cc.Size","width":1130,"height":720},"_fitWidth":true,"_fitHeight":false},{"__id__":56},null,{"__type__":"3ddac9hkV9AOYdTysYQNeqW","node":{"__id__":2},"controller":{"__id__":56}},{"__type__":"cc.Widget","node":{"__id__":2},"_alignFlags":45,"_originalWidth":1130,"_originalHeight":720}],"_id":"53oHDhekFF0J1EfC1eesEb","_contentSize":{"__type__":"cc.Size","width":1130,"height":720},"_position":{"__type__":"cc.Vec2","x":565,"y":360}},{"__type__":"cc.Node","_name":"game","_parent":{"__id__":2},"_children":[{"__id__":4},{"__id__":5},{"__id__":6},{"__id__":7}],"_components":[{"__type__":"cc.Widget","node":{"__id__":3},"_alignFlags":40,"_bottom":360},{"__type__":"cc.Graphics","node":{"__id__":3},"_strokeColor":{"__type__":"cc.Color","r":146,"g":183,"b":228}}],"_contentSize":{"__type__":"cc.Size","width":1130,"height":514},"_position":{"__type__":"cc.Vec2","y":103}},{"__type__":"cc.Node","_name":"underground","_parent":{"__id__":3},"_components":[{"__type__":"cc.Sprite","node":{"__id__":4},"_spriteFrame":{"__uuid__":"56wUASNqVCd5TwLuHlsYBZ"},"_type":2,"_sizeMode":0},{"__type__":"cc.Widget","node":{"__id__":4},"_alignFlags":40,"_left":1,"_right":-1,"_originalWidth":943}],"_contentSize":{"__type__":"cc.Size","width":1130,"height":100},"_position":{"__type__":"cc.Vec2","x":1,"y":-158}},{"__type__":"cc.Node","_name":"bz_bg","_parent":{"__id__":3},"_components":[{"__type__":"cc.Sprite","node":{"__id__":5},"_spriteFrame":{"__uuid__":"b7MqdqA3hM7pkvj4ZW2bHU"},"_type":1,"_sizeMode":0,"_isTrimmedMode":false,"_srcBlendFactor":1},{"__type__":"cc.Widget","node":{"__id__":5},"_alignFlags":40,"_left":-1,"_right":1,"_originalWidth":1130,"_originalHeight":720}],"_contentSize":{"__type__":"cc.Size","width":1130,"height":232},"_position":{"__type__":"cc.Vec2","x":-1,"y":68}},{"__type__":"cc.Node","_name":"bg_tk","_parent":{"__id__":3},"_components":[{"__type__":"cc.Sprite","node":{"__id__":6},"_spriteFrame":{"__uuid__":"b9r6oWhFpJ57GG5lAIVHcF"},"_type":1,"_sizeMode":0,"_srcBlendFactor":1},{"__type__":"cc.Widget","node":{"__id__":6},"_alignFlags":40,"_originalWidth":1130}],"_contentSize":{"__type__":"cc.Size","width":1130,"height":22},"_position":{"__type__":"cc.Vec2","y":-85}},{"__type__":"cc.Node","_name":"treasure","_parent":{"__id__":3},"_components":[{"__type__":"cc.Sprite","node":{"__id__":7},"_spriteFrame":{"__uuid__":"7egOgjUlNLjYEoDqXjaqZe"},"_type":1,"_sizeMode":0},{"__id__":8}],"_anchorPoint":{"__type__":"cc.Vec2","x":0.4744278551163429,"y":0.4744278551163429},"_contentSize":{"__type__":"cc.Size","width":70,"height":70},"_position":{"__type__":"cc.Vec2","x":-2,"y":-163}},{"__type__":"cc.Button","node":{"__id__":7},"transition":2,"pressedColor":{"__type__":"cc.Color","r":255,"g":255,"b":255},"clickEvents":[{"__type__":"cc.ClickEvent","target":{"__id__":2},"component":"BoxController","handler":"onClickTreasure"}],"_N$normalColor":{"__type__":"cc.Color","r":255,"g":255,"b":255},"_N$disabledColor":{"__type__":"cc.Color","r":255,"g":255,"b":255},"_N$normalSprite":{"__uuid__":"7egOgjUlNLjYEoDqXjaqZe"},"_N$pressedSprite":{"__uuid__":"7egOgjUlNLjYEoDqXjaqZe"},"pressedSprite":{"__uuid__":"7egOgjUlNLjYEoDqXjaqZe"},"_N$hoverSprite":{"__uuid__":"7egOgjUlNLjYEoDqXjaqZe"},"hoverSprite":{"__uuid__":"7egOgjUlNLjYEoDqXjaqZe"},"_N$disabledSprite":{"__uuid__":"7egOgjUlNLjYEoDqXjaqZe"},"_N$target":{"__id__":7}},{"__type__":"cc.Node","_name":"motion","_parent":{"__id__":2},"_components":[{"__id__":10},{"__type__":"cc.Widget","node":{"__id__":9},"_target":{"__id__":2},"_alignFlags":40,"_left":2.2926105458509483e-14,"_right":-2.2926105458509483e-14,"_top":166.5,"_originalWidth":1086}],"_contentSize":{"__type__":"cc.Size","width":1130,"height":720}},{"__type__":"cc.MotionStreak","node":{"__id__":9},"_stroke":10,"_texture":{"__uuid__":"b2rDKqiXhHKp+2hu0pzrFb"}},{"__type__":"cc.Node","_name":"Camera","_parent":{"__id__":2},"_components":[{"__id__":12}],"_contentSize":{"__type__":"cc.Size","width":1130,"height":720}},{"__type__":"cc.Camera","node":{"__id__":11},"_targets":[{"__id__":3}]},{"__type__":"cc.Node","_name":"GameMenu","_parent":{"__id__":2},"_children":[{"__id__":14},{"__id__":30}],"_components":[{"__type__":"1fc47DQ14RMSbRbdbHJzBGp","node":{"__id__":13},"bottomlist":{"__id__":54},"scrollView":{"__id__":55},"level":{"__id__":23},"gold":{"__id__":29},"gem":{"__id__":27},"TopProgressBar":{"__id__":21},"radioButton":[{"__id__":36},{"__id__":41},{"__id__":46}],"levelupBtn":{"__id__":16},"radiotext":[{"__id__":52},{"__id__":50},{"__id__":48}],"BoxController":{"__id__":56}},{"__type__":"cc.Widget","node":{"__id__":13},"_alignFlags":45,"_originalHeight":720}],"_contentSize":{"__type__":"cc.Size","width":1130,"height":720}},{"__type__":"cc.Node","_name":"img_jy_di1","_parent":{"__id__":13},"_children":[{"__id__":15},{"__id__":17},{"__id__":18},{"__id__":22},{"__id__":24},{"__id__":25},{"__id__":26},{"__id__":28}],"_components":[{"__type__":"cc.Sprite","node":{"__id__":14},"_spriteFrame":{"__uuid__":"35ipC6/SVGjaF6MUkwiH0J"},"_type":1,"_sizeMode":0},{"__type__":"cc.Widget","node":{"__id__":14},"_alignFlags":41,"_bottom":661.5,"_originalWidth":1130,"_originalHeight":59}],"_contentSize":{"__type__":"cc.Size","width":1130,"height":59},"_position":{"__type__":"cc.Vec2","y":330.5}},{"__type__":"cc.Node","_name":"TopButton","_parent":{"__id__":14},"_components":[{"__type__":"cc.Sprite","node":{"__id__":15},"_spriteFrame":{"__uuid__":"d0/eASnf1Fn6r1otDO3BiS"},"_type":1,"_sizeMode":0},{"__id__":16}],"_contentSize":{"__type__":"cc.Size","width":100,"height":40},"_position":{"__type__":"cc.Vec2","x":480}},{"__type__":"cc.Button","node":{"__id__":15},"transition":2,"pressedColor":{"__type__":"cc.Color","r":255,"g":255,"b":255},"clickEvents":[{"__type__":"cc.ClickEvent","target":{"__id__":13},"component":"GameMenuController","handler":"onClickLevel"}],"_N$normalColor":{"__type__":"cc.Color","r":255,"g":255,"b":255},"_N$disabledColor":{"__type__":"cc.Color","r":255,"g":255,"b":255},"_N$normalSprite":{"__uuid__":"d0/eASnf1Fn6r1otDO3BiS"},"_N$pressedSprite":{"__uuid__":"d0/eASnf1Fn6r1otDO3BiS"},"pressedSprite":{"__uuid__":"d0/eASnf1Fn6r1otDO3BiS"},"_N$hoverSprite":{"__uuid__":"d0/eASnf1Fn6r1otDO3BiS"},"hoverSprite":{"__uuid__":"d0/eASnf1Fn6r1otDO3BiS"},"_N$disabledSprite":{"__uuid__":"f9/KI8BHlI3KXKeeu/qGcP"},"_N$target":{"__id__":15}},{"__type__":"cc.Node","_name":"img_jy_di","_parent":{"__id__":14},"_components":[{"__type__":"cc.Sprite","node":{"__id__":17},"_spriteFrame":{"__uuid__":"34D7IYwR1EALD9PLrSq6fg"},"_type":1,"_sizeMode":0}],"_contentSize":{"__type__":"cc.Size","width":763,"height":38},"_position":{"__type__":"cc.Vec2","x":2,"y":-1.6}},{"__type__":"cc.Node","_name":"TopProgressBar","_parent":{"__id__":14},"_children":[{"__id__":19}],"_components":[{"__type__":"cc.Sprite","node":{"__id__":18},"_spriteFrame":{"__uuid__":"34D7IYwR1EALD9PLrSq6fg"},"_type":1,"_sizeMode":0},{"__id__":21}],"_contentSize":{"__type__":"cc.Size","width":762,"height":34},"_position":{"__type__":"cc.Vec2","x":2.3,"y":-1.1}},{"__type__":"cc.Node","_name":"bar","_parent":{"__id__":18},"_components":[{"__id__":20}],"_anchorPoint":{"__type__":"cc.Vec2","y":0.5},"_contentSize":{"__type__":"cc.Size","width":762,"height":34},"_position":{"__type__":"cc.Vec2","x":-381}},{"__type__":"cc.Sprite","node":{"__id__":19},"_spriteFrame":{"__uuid__":"01ndcBNy9Mxac5vQqBkPms"},"_type":1,"_sizeMode":0},{"__type__":"cc.ProgressBar","node":{"__id__":18},"_N$totalLength":762,"_N$barSprite":{"__id__":20}},{"__type__":"cc.Node","_name":"level","_parent":{"__id__":14},"_components":[{"__id__":23}],"_contentSize":{"__type__":"cc.Size","width":208.31,"height":34.03},"_scaleX":0.7,"_scaleY":0.7,"_position":{"__type__":"cc.Vec2","x":-476,"y":-1.5}},{"__type__":"cc.Label","node":{"__id__":22},"_useOriginalSize":false,"_actualFontSize":33,"_fontSize":33,"_lineHeight":33,"_N$file":{"__uuid__":"018aYYwVNEOIc5+T0GKsF4"},"_isSystemFontUsed":false,"_N$string":"LEVEL 11","_N$horizontalAlign":1,"_N$verticalAlign":1},{"__type__":"cc.Node","_name":"icon_baoshi","_parent":{"__id__":14},"_components":[{"__type__":"cc.Sprite","node":{"__id__":24},"_spriteFrame":{"__uuid__":"95Ry8Ao95Mbqd10jOR6xQK"}}],"_contentSize":{"__type__":"cc.Size","width":40,"height":40},"_position":{"__type__":"cc.Vec2","x":-524,"y":-105.5}},{"__type__":"cc.Node","_name":"icon_jinbi","_parent":{"__id__":14},"_components":[{"__type__":"cc.Sprite","node":{"__id__":25},"_spriteFrame":{"__uuid__":"43EsbERrFI94RJkFtPVGDR"}}],"_contentSize":{"__type__":"cc.Size","width":40,"height":40},"_position":{"__type__":"cc.Vec2","x":-524,"y":-59.5}},{"__type__":"cc.Node","_name":"gem","_parent":{"__id__":14},"_components":[{"__id__":27}],"_contentSize":{"__type__":"cc.Size","width":81.47,"height":34.03},"_scaleX":0.85,"_scaleY":0.85,"_position":{"__type__":"cc.Vec2","x":-464,"y":-104.5}},{"__type__":"cc.Label","node":{"__id__":26},"_useOriginalSize":false,"_actualFontSize":33,"_fontSize":33,"_lineHeight":33,"_N$file":{"__uuid__":"018aYYwVNEOIc5+T0GKsF4"},"_isSystemFontUsed":false,"_N$string":"123","_N$verticalAlign":1},{"__type__":"cc.Node","_name":"gold","_parent":{"__id__":14},"_components":[{"__id__":29}],"_contentSize":{"__type__":"cc.Size","width":116.53,"height":34.03},"_scaleX":0.85,"_scaleY":0.85,"_position":{"__type__":"cc.Vec2","x":-464,"y":-59.5}},{"__type__":"cc.Label","node":{"__id__":28},"_useOriginalSize":false,"_actualFontSize":33,"_fontSize":33,"_lineHeight":33,"_N$file":{"__uuid__":"018aYYwVNEOIc5+T0GKsF4"},"_isSystemFontUsed":false,"_N$string":"123K","_N$verticalAlign":1},{"__type__":"cc.Node","_name":"bottomlist","_parent":{"__id__":13},"_children":[{"__id__":31},{"__id__":53}],"_components":[{"__type__":"cc.Sprite","node":{"__id__":30},"_spriteFrame":{"__uuid__":"a3L3is84hC5olUpUL5d2JN"},"_type":1,"_sizeMode":0,"_srcBlendFactor":1},{"__id__":55},{"__type__":"cc.Widget","node":{"__id__":30},"_alignFlags":44,"_originalWidth":1130}],"_anchorPoint":{"__type__":"cc.Vec2","y":1},"_contentSize":{"__type__":"cc.Size","width":1130,"height":216},"_position":{"__type__":"cc.Vec2","x":-565,"y":-144}},{"__type__":"cc.Node","_name":"ToggleContainer","_parent":{"__id__":30},"_children":[{"__id__":32},{"__id__":37},{"__id__":42},{"__id__":47},{"__id__":49},{"__id__":51}],"_components":[{"__type__":"cc.ToggleContainer","node":{"__id__":31}}],"_contentSize":{"__type__":"cc.Size","width":369,"height":45},"_position":{"__type__":"cc.Vec2","x":201,"y":14}},{"__type__":"cc.Node","_name":"toggle1","_parent":{"__id__":31},"_children":[{"__id__":33},{"__id__":34}],"_components":[{"__id__":36}],"_contentSize":{"__type__":"cc.Size","width":127,"height":34},"_position":{"__type__":"cc.Vec2","x":-136}},{"__type__":"cc.Node","_name":"Background","_parent":{"__id__":32},"_components":[{"__type__":"cc.Sprite","node":{"__id__":33},"_spriteFrame":{"__uuid__":"a3L3is84hC5olUpUL5d2JN"},"_type":1,"_sizeMode":0}],"_contentSize":{"__type__":"cc.Size","width":127,"height":34}},{"__type__":"cc.Node","_name":"checkmark","_parent":{"__id__":32},"_components":[{"__id__":35}],"_contentSize":{"__type__":"cc.Size","width":127,"height":35}},{"__type__":"cc.Sprite","node":{"__id__":34},"_spriteFrame":{"__uuid__":"a3L3is84hC5olUpUL5d2JN"},"_type":1,"_sizeMode":0,"_isTrimmedMode":false,"_srcBlendFactor":1},{"__type__":"cc.Toggle","node":{"__id__":32},"transition":3,"zoomScale":1,"_N$target":{"__id__":32},"checkMark":{"__id__":35},"checkEvents":[{"__type__":"cc.ClickEvent","target":{"__id__":13},"component":"GameMenuController","handler":"radioButtonClicked"}]},{"__type__":"cc.Node","_name":"toggle2","_parent":{"__id__":31},"_children":[{"__id__":38},{"__id__":39}],"_components":[{"__id__":41}],"_contentSize":{"__type__":"cc.Size","width":127,"height":34},"_position":{"__type__":"cc.Vec2","x":-5}},{"__type__":"cc.Node","_name":"Background","_parent":{"__id__":37},"_components":[{"__type__":"cc.Sprite","node":{"__id__":38},"_spriteFrame":{"__uuid__":"a3L3is84hC5olUpUL5d2JN"},"_type":1,"_sizeMode":0,"_isTrimmedMode":false,"_srcBlendFactor":1}],"_contentSize":{"__type__":"cc.Size","width":127,"height":35}},{"__type__":"cc.Node","_name":"checkmark","_parent":{"__id__":37},"_active":false,"_components":[{"__id__":40}],"_contentSize":{"__type__":"cc.Size","width":127,"height":34}},{"__type__":"cc.Sprite","node":{"__id__":39},"_spriteFrame":{"__uuid__":"a3L3is84hC5olUpUL5d2JN"},"_type":1,"_sizeMode":0,"_isTrimmedMode":false},{"__type__":"cc.Toggle","node":{"__id__":37},"transition":3,"zoomScale":1,"_N$target":{"__id__":37},"checkMark":{"__id__":40},"checkEvents":[{"__type__":"cc.ClickEvent","target":{"__id__":13},"component":"GameMenuController","handler":"radioButtonClicked"}],"_N$isChecked":false},{"__type__":"cc.Node","_name":"toggle3","_parent":{"__id__":31},"_children":[{"__id__":43},{"__id__":44}],"_components":[{"__id__":46}],"_contentSize":{"__type__":"cc.Size","width":127,"height":34},"_position":{"__type__":"cc.Vec2","x":126}},{"__type__":"cc.Node","_name":"Background","_parent":{"__id__":42},"_components":[{"__type__":"cc.Sprite","node":{"__id__":43},"_spriteFrame":{"__uuid__":"a3L3is84hC5olUpUL5d2JN"},"_type":1,"_sizeMode":0,"_isTrimmedMode":false,"_srcBlendFactor":1}],"_contentSize":{"__type__":"cc.Size","width":127,"height":35}},{"__type__":"cc.Node","_name":"checkmark","_parent":{"__id__":42},"_active":false,"_components":[{"__id__":45}],"_contentSize":{"__type__":"cc.Size","width":127,"height":34}},{"__type__":"cc.Sprite","node":{"__id__":44},"_spriteFrame":{"__uuid__":"a3L3is84hC5olUpUL5d2JN"},"_type":1,"_sizeMode":2,"_isTrimmedMode":false},{"__type__":"cc.Toggle","node":{"__id__":42},"transition":3,"zoomScale":1,"_N$target":{"__id__":42},"checkMark":{"__id__":45},"checkEvents":[{"__type__":"cc.ClickEvent","target":{"__id__":13},"component":"GameMenuController","handler":"radioButtonClicked"}],"_N$isChecked":false},{"__type__":"cc.Node","_name":"radiotext3","_parent":{"__id__":31},"_components":[{"__id__":48}],"_color":{"__type__":"cc.Color","r":249,"g":249,"b":249},"_contentSize":{"__type__":"cc.Size","width":91,"height":22},"_position":{"__type__":"cc.Vec2","x":123,"y":-2}},{"__type__":"cc.Label","node":{"__id__":47},"_useOriginalSize":false,"_actualFontSize":22,"_fontSize":22,"_lineHeight":22,"_N$string":"efficiency","_N$horizontalAlign":1,"_N$verticalAlign":1},{"__type__":"cc.Node","_name":"radiotext2","_parent":{"__id__":31},"_components":[{"__id__":50}],"_color":{"__type__":"cc.Color","r":249,"g":249,"b":249},"_contentSize":{"__type__":"cc.Size","width":35,"height":22},"_position":{"__type__":"cc.Vec2","x":-6,"y":-2}},{"__type__":"cc.Label","node":{"__id__":49},"_useOriginalSize":false,"_actualFontSize":22,"_fontSize":22,"_lineHeight":22,"_N$string":"tool","_N$horizontalAlign":1,"_N$verticalAlign":1},{"__type__":"cc.Node","_name":"radiotext1","_parent":{"__id__":31},"_components":[{"__id__":52}],"_color":{"__type__":"cc.Color","r":255,"g":163,"b":15},"_contentSize":{"__type__":"cc.Size","width":109,"height":22},"_position":{"__type__":"cc.Vec2","x":-141}},{"__type__":"cc.Label","node":{"__id__":51},"_useOriginalSize":false,"_actualFontSize":22,"_fontSize":22,"_lineHeight":22,"_N$string":"accelarator","_N$horizontalAlign":1,"_N$verticalAlign":1},{"__type__":"cc.Node","_name":"viewpoint","_parent":{"__id__":30},"_children":[{"__id__":54}],"_components":[{"__type__":"cc.Mask","node":{"__id__":53}}],"_anchorPoint":{"__type__":"cc.Vec2","y":1},"_contentSize":{"__type__":"cc.Size","width":1130,"height":216},"_position":{"__type__":"cc.Vec2","y":-2}},{"__type__":"cc.Node","_name":"list","_parent":{"__id__":53},"_anchorPoint":{"__type__":"cc.Vec2","y":0.5},"_contentSize":{"__type__":"cc.Size","width":2500,"height":216},"_position":{"__type__":"cc.Vec2","x":-1,"y":-111}},{"__type__":"cc.ScrollView","node":{"__id__":30},"content":{"__id__":54},"vertical":false,"scrollEvents":[{"__type__":"cc.ClickEvent","target":{"__id__":13},"component":"GameMenuController","handler":"scrollEvent"}]},{"__type__":"52eeadsoZ5Er4fzucc9O914","node":{"__id__":2},"gameNode":{"__id__":3},"camera":{"__id__":12},"BlockBig":{"__uuid__":"fbbNGYHClM7K7sR00V8Hl+"},"BlockSmall":{"__uuid__":"f52XZ8yo1FRrZpMnhTSzit"},"MarginsBig":{"__uuid__":"11YCfUYkNPZZrXCKoW9RG0"},"MarginsSmall":{"__uuid__":"2dWw3BAmlCM7KVMBS44s4T"},"RewardItem":{"__uuid__":"bemek38iNE4aPuYKXy1iNw"},"UIBottom":{"__uuid__":"3f3dPt0bZN4aRazaodI5u6"},"Sky":{"__id__":6},"Bgbz":{"__id__":5},"Underground":{"__id__":4},"motionStreak":{"__id__":10},"boxSpine":{"__id__":57},"btnbox":{"__id__":8},"GameMenu":{"__id__":13},"treasure":{"__id__":8},"upgradView":{"__id__":61},"openbox":{"__id__":59},"accelerHammer":0,"accelerGold":0},{"__type__":"sp.Skeleton","node":{"__id__":58},"loop":false,"_N$skeletonData":{"__uuid__":"23ueR+gl1ChooV3YALjor+"}},{"__type__":"cc.Node","_name":"spine","_parent":{"__id__":59},"_components":[{"__id__":57}],"_position":{"__type__":"cc.Vec2","y":-165}},{"__type__":"cc.Node","_name":"openboxView","_parent":{"__id__":2},"_children":[{"__id__":60},{"__id__":58}],"_active":false,"_position":{"__type__":"cc.Vec2","x":-1,"y":106}},{"__type__":"cc.Node","_name":"openbox","_parent":{"__id__":59},"_components":[{"__type__":"cc.Sprite","node":{"__id__":60},"_spriteFrame":{"__uuid__":"34D7IYwR1EALD9PLrSq6fg"},"_type":1,"_sizeMode":0}],"_opacity":136,"_color":{"__type__":"cc.Color","r":16,"g":16,"b":16},"_contentSize":{"__type__":"cc.Size","width":1130,"height":514}},{"__type__":"cc.Node","_name":"upgradVew","_parent":{"__id__":2},"_children":[{"__id__":62},{"__id__":63}],"_active":false,"_components":[{"__type__":"cc.BlockInputEvents","node":{"__id__":61}},{"__type__":"9e7b4Hd6glFQpdpqj6f0HgJ","node":{"__id__":61},"RewardLable":{"__id__":68},"TitleLable":{"__id__":70},"DescLable":{"__id__":72},"BoxController":{"__id__":56}},{"__type__":"cc.Widget","node":{"__id__":61},"_alignFlags":40,"_bottom":468}],"_contentSize":{"__type__":"cc.Size","width":1130,"height":720},"_position":{"__type__":"cc.Vec2","y":-3}},{"__type__":"cc.Node","_name":"img_jy_di1","_parent":{"__id__":61},"_components":[{"__type__":"cc.Sprite","node":{"__id__":62},"_spriteFrame":{"__uuid__":"35ipC6/SVGjaF6MUkwiH0J"},"_sizeMode":0}],"_contentSize":{"__type__":"cc.Size","width":1130,"height":720},"_position":{"__type__":"cc.Vec2","x":-1,"y":4}},{"__type__":"cc.Node","_name":"img_tanchuang","_parent":{"__id__":61},"_children":[{"__id__":64},{"__id__":65},{"__id__":66},{"__id__":67},{"__id__":69},{"__id__":71},{"__id__":73}],"_components":[{"__type__":"cc.Sprite","node":{"__id__":63},"_spriteFrame":{"__uuid__":"76eq4jdnJAJoaixN7IG93q"},"_type":1,"_sizeMode":0}],"_contentSize":{"__type__":"cc.Size","width":459,"height":352},"_position":{"__type__":"cc.Vec2","x":-19,"y":-3}},{"__type__":"cc.Node","_name":"icon_jinbi","_parent":{"__id__":63},"_components":[{"__type__":"cc.Sprite","node":{"__id__":64},"_spriteFrame":{"__uuid__":"43EsbERrFI94RJkFtPVGDR"}}],"_contentSize":{"__type__":"cc.Size","width":40,"height":40},"_position":{"__type__":"cc.Vec2","x":-69,"y":20}},{"__type__":"cc.Node","_name":"nextBtn","_parent":{"__id__":63},"_components":[{"__type__":"cc.Sprite","node":{"__id__":65},"_spriteFrame":{"__uuid__":"7bo6tMpFxKA5Jz+/4ryHUA"},"_type":1,"_sizeMode":0},{"__type__":"cc.Button","node":{"__id__":65},"transition":2,"pressedColor":{"__type__":"cc.Color","r":255,"g":255,"b":255},"clickEvents":[{"__type__":"cc.ClickEvent","target":{"__id__":61},"component":"UpgradView","handler":"onNextBtn"}],"_N$normalColor":{"__type__":"cc.Color","r":255,"g":255,"b":255},"_N$disabledColor":{"__type__":"cc.Color","r":255,"g":255,"b":255},"_N$normalSprite":{"__uuid__":"7bo6tMpFxKA5Jz+/4ryHUA"},"_N$pressedSprite":{"__uuid__":"7bo6tMpFxKA5Jz+/4ryHUA"},"pressedSprite":{"__uuid__":"7bo6tMpFxKA5Jz+/4ryHUA"},"_N$hoverSprite":{"__uuid__":"7bo6tMpFxKA5Jz+/4ryHUA"},"hoverSprite":{"__uuid__":"7bo6tMpFxKA5Jz+/4ryHUA"},"_N$disabledSprite":{"__uuid__":"7bo6tMpFxKA5Jz+/4ryHUA"},"_N$target":{"__id__":65}}],"_contentSize":{"__type__":"cc.Size","width":128,"height":53},"_position":{"__type__":"cc.Vec2","x":1,"y":-52}},{"__type__":"cc.Node","_name":"vedioBtn","_parent":{"__id__":63},"_components":[{"__type__":"cc.Sprite","node":{"__id__":66},"_spriteFrame":{"__uuid__":"905tDhSqpCP6jJ6F5N7GqJ"},"_type":1,"_sizeMode":0},{"__type__":"cc.Button","node":{"__id__":66},"transition":2,"pressedColor":{"__type__":"cc.Color","r":255,"g":255,"b":255},"clickEvents":[{"__type__":"cc.ClickEvent","target":{"__id__":61},"component":"UpgradView","handler":"onVedioSureBtn"}],"_N$normalColor":{"__type__":"cc.Color","r":255,"g":255,"b":255},"_N$disabledColor":{"__type__":"cc.Color","r":255,"g":255,"b":255},"_N$normalSprite":{"__uuid__":"905tDhSqpCP6jJ6F5N7GqJ"},"_N$pressedSprite":{"__uuid__":"905tDhSqpCP6jJ6F5N7GqJ"},"pressedSprite":{"__uuid__":"905tDhSqpCP6jJ6F5N7GqJ"},"_N$hoverSprite":{"__uuid__":"905tDhSqpCP6jJ6F5N7GqJ"},"hoverSprite":{"__uuid__":"905tDhSqpCP6jJ6F5N7GqJ"},"_N$disabledSprite":{"__uuid__":"905tDhSqpCP6jJ6F5N7GqJ"},"_N$target":{"__id__":66}}],"_contentSize":{"__type__":"cc.Size","width":239,"height":57},"_position":{"__type__":"cc.Vec2","y":-118}},{"__type__":"cc.Node","_name":"reward","_parent":{"__id__":63},"_components":[{"__id__":68}],"_contentSize":{"__type__":"cc.Size","width":71,"height":40},"_position":{"__type__":"cc.Vec2","x":28,"y":23}},{"__type__":"cc.Label","node":{"__id__":67},"_useOriginalSize":false,"_N$string":"X88","_N$horizontalAlign":1,"_N$verticalAlign":1},{"__type__":"cc.Node","_name":"titile","_parent":{"__id__":63},"_components":[{"__id__":70}],"_contentSize":{"__type__":"cc.Size","width":195,"height":40},"_position":{"__type__":"cc.Vec2","x":-4,"y":145}},{"__type__":"cc.Label","node":{"__id__":69},"_useOriginalSize":false,"_actualFontSize":30,"_fontSize":30,"_isSystemFontUsed":false,"_N$string":"Contratulation!","_N$horizontalAlign":1,"_N$verticalAlign":1},{"__type__":"cc.Node","_name":"desc","_parent":{"__id__":63},"_components":[{"__id__":72}],"_color":{"__type__":"cc.Color","r":253,"g":253,"b":253},"_contentSize":{"__type__":"cc.Size","width":382,"height":28},"_position":{"__type__":"cc.Vec2","x":-4,"y":82}},{"__type__":"cc.Label","node":{"__id__":71},"_useOriginalSize":false,"_actualFontSize":26,"_fontSize":26,"_lineHeight":28,"_isSystemFontUsed":false,"_N$string":"You have upgraded and obtained","_N$horizontalAlign":1,"_N$verticalAlign":1},{"__type__":"cc.Node","_name":"vediodesc","_parent":{"__id__":63},"_components":[{"__type__":"cc.Label","node":{"__id__":73},"_useOriginalSize":false,"_N$string":"x2","_N$horizontalAlign":1,"_N$verticalAlign":1}],"_contentSize":{"__type__":"cc.Size","width":42,"height":40},"_position":{"__type__":"cc.Vec2","x":26,"y":-116}},{"__type__":"cc.Node","_name":"New Node","_parent":{"__id__":1},"_children":[{"__id__":75},{"__id__":77},{"__id__":79},{"__id__":81}],"_components":[{"__type__":"cc.Widget","node":{"__id__":74},"_alignFlags":45}],"_id":"f2CXZIGchAx6hHrmOPBEDH","_contentSize":{"__type__":"cc.Size","width":1130,"height":720},"_position":{"__type__":"cc.Vec2","x":565,"y":360}},{"__type__":"cc.Node","_name":"New Button","_parent":{"__id__":74},"_children":[{"__id__":76}],"_components":[{"__type__":"cc.Sprite","node":{"__id__":75},"_spriteFrame":{"__uuid__":"f0BIwQ8D5Ml7nTNQbh1YlS"},"_type":1,"_sizeMode":0},{"__type__":"cc.Button","node":{"__id__":75},"transition":2,"pressedColor":{"__type__":"cc.Color","r":255,"g":255,"b":255},"clickEvents":[{"__type__":"cc.ClickEvent","target":{"__id__":2},"component":"BoxController","handler":"onClickBtnaddGold"}],"_N$normalColor":{"__type__":"cc.Color","r":255,"g":255,"b":255},"_N$disabledColor":{"__type__":"cc.Color","r":255,"g":255,"b":255},"_N$normalSprite":{"__uuid__":"f0BIwQ8D5Ml7nTNQbh1YlS"},"_N$pressedSprite":{"__uuid__":"e97GVMl6JHh5Ml5qEDdSGa"},"pressedSprite":{"__uuid__":"e97GVMl6JHh5Ml5qEDdSGa"},"_N$hoverSprite":{"__uuid__":"e97GVMl6JHh5Ml5qEDdSGa"},"hoverSprite":{"__uuid__":"e97GVMl6JHh5Ml5qEDdSGa"},"_N$disabledSprite":{"__uuid__":"29FYIk+N1GYaeWH/q1NxQO"},"_N$target":{"__id__":75}}],"_contentSize":{"__type__":"cc.Size","width":100,"height":40},"_position":{"__type__":"cc.Vec2","x":491,"y":240}},{"__type__":"cc.Node","_name":"Label","_parent":{"__id__":75},"_components":[{"__type__":"cc.Label","node":{"__id__":76},"_useOriginalSize":false,"_actualFontSize":20,"_fontSize":20,"_enableWrapText":false,"_N$string":"addgold","_N$horizontalAlign":1,"_N$verticalAlign":1,"_N$overflow":1}],"_color":{"__type__":"cc.Color"},"_contentSize":{"__type__":"cc.Size","width":100,"height":40}},{"__type__":"cc.Node","_name":"New Button","_parent":{"__id__":74},"_children":[{"__id__":78}],"_components":[{"__type__":"cc.Sprite","node":{"__id__":77},"_spriteFrame":{"__uuid__":"f0BIwQ8D5Ml7nTNQbh1YlS"},"_type":1,"_sizeMode":0},{"__type__":"cc.Button","node":{"__id__":77},"transition":2,"pressedColor":{"__type__":"cc.Color","r":255,"g":255,"b":255},"clickEvents":[{"__type__":"cc.ClickEvent","target":{"__id__":2},"component":"BoxController","handler":"onClickBtnaddGem"}],"_N$normalColor":{"__type__":"cc.Color","r":255,"g":255,"b":255},"_N$disabledColor":{"__type__":"cc.Color","r":255,"g":255,"b":255},"_N$normalSprite":{"__uuid__":"f0BIwQ8D5Ml7nTNQbh1YlS"},"_N$pressedSprite":{"__uuid__":"e97GVMl6JHh5Ml5qEDdSGa"},"pressedSprite":{"__uuid__":"e97GVMl6JHh5Ml5qEDdSGa"},"_N$hoverSprite":{"__uuid__":"e97GVMl6JHh5Ml5qEDdSGa"},"hoverSprite":{"__uuid__":"e97GVMl6JHh5Ml5qEDdSGa"},"_N$disabledSprite":{"__uuid__":"29FYIk+N1GYaeWH/q1NxQO"},"_N$target":{"__id__":77}}],"_contentSize":{"__type__":"cc.Size","width":100,"height":40},"_position":{"__type__":"cc.Vec2","x":488,"y":190}},{"__type__":"cc.Node","_name":"Label","_parent":{"__id__":77},"_components":[{"__type__":"cc.Label","node":{"__id__":78},"_useOriginalSize":false,"_actualFontSize":20,"_fontSize":20,"_enableWrapText":false,"_N$string":"addgem","_N$horizontalAlign":1,"_N$verticalAlign":1,"_N$overflow":1}],"_color":{"__type__":"cc.Color"},"_contentSize":{"__type__":"cc.Size","width":100,"height":40}},{"__type__":"cc.Node","_name":"New Button","_parent":{"__id__":74},"_children":[{"__id__":80}],"_components":[{"__type__":"cc.Sprite","node":{"__id__":79},"_spriteFrame":{"__uuid__":"f0BIwQ8D5Ml7nTNQbh1YlS"},"_type":1,"_sizeMode":0},{"__type__":"cc.Button","node":{"__id__":79},"transition":2,"pressedColor":{"__type__":"cc.Color","r":255,"g":255,"b":255},"clickEvents":[{"__type__":"cc.ClickEvent","target":{"__id__":2},"component":"BoxController","handler":"onClickBtnsubGold"}],"_N$normalColor":{"__type__":"cc.Color","r":255,"g":255,"b":255},"_N$disabledColor":{"__type__":"cc.Color","r":255,"g":255,"b":255},"_N$normalSprite":{"__uuid__":"f0BIwQ8D5Ml7nTNQbh1YlS"},"_N$pressedSprite":{"__uuid__":"e97GVMl6JHh5Ml5qEDdSGa"},"pressedSprite":{"__uuid__":"e97GVMl6JHh5Ml5qEDdSGa"},"_N$hoverSprite":{"__uuid__":"e97GVMl6JHh5Ml5qEDdSGa"},"hoverSprite":{"__uuid__":"e97GVMl6JHh5Ml5qEDdSGa"},"_N$disabledSprite":{"__uuid__":"29FYIk+N1GYaeWH/q1NxQO"},"_N$target":{"__id__":79}}],"_contentSize":{"__type__":"cc.Size","width":100,"height":40},"_position":{"__type__":"cc.Vec2","x":380,"y":189}},{"__type__":"cc.Node","_name":"Label","_parent":{"__id__":79},"_components":[{"__type__":"cc.Label","node":{"__id__":80},"_useOriginalSize":false,"_actualFontSize":20,"_fontSize":20,"_enableWrapText":false,"_N$string":"subgold","_N$horizontalAlign":1,"_N$verticalAlign":1,"_N$overflow":1}],"_color":{"__type__":"cc.Color"},"_contentSize":{"__type__":"cc.Size","width":100,"height":40}},{"__type__":"cc.Node","_name":"New Button","_parent":{"__id__":74},"_children":[{"__id__":82}],"_components":[{"__type__":"cc.Sprite","node":{"__id__":81},"_spriteFrame":{"__uuid__":"f0BIwQ8D5Ml7nTNQbh1YlS"},"_type":1,"_sizeMode":0},{"__type__":"cc.Button","node":{"__id__":81},"transition":2,"pressedColor":{"__type__":"cc.Color","r":255,"g":255,"b":255},"clickEvents":[{"__type__":"cc.ClickEvent","target":{"__id__":2},"component":"BoxController","handler":"onClickBtnsubGem"}],"_N$normalColor":{"__type__":"cc.Color","r":255,"g":255,"b":255},"_N$disabledColor":{"__type__":"cc.Color","r":255,"g":255,"b":255},"_N$normalSprite":{"__uuid__":"f0BIwQ8D5Ml7nTNQbh1YlS"},"_N$pressedSprite":{"__uuid__":"e97GVMl6JHh5Ml5qEDdSGa"},"pressedSprite":{"__uuid__":"e97GVMl6JHh5Ml5qEDdSGa"},"_N$hoverSprite":{"__uuid__":"e97GVMl6JHh5Ml5qEDdSGa"},"hoverSprite":{"__uuid__":"e97GVMl6JHh5Ml5qEDdSGa"},"_N$disabledSprite":{"__uuid__":"29FYIk+N1GYaeWH/q1NxQO"},"_N$target":{"__id__":81}}],"_contentSize":{"__type__":"cc.Size","width":100,"height":40},"_position":{"__type__":"cc.Vec2","x":380,"y":241}},{"__type__":"cc.Node","_name":"Label","_parent":{"__id__":81},"_components":[{"__type__":"cc.Label","node":{"__id__":82},"_useOriginalSize":false,"_actualFontSize":20,"_fontSize":20,"_enableWrapText":false,"_N$string":"subgem","_N$horizontalAlign":1,"_N$verticalAlign":1,"_N$overflow":1}],"_color":{"__type__":"cc.Color"},"_contentSize":{"__type__":"cc.Size","width":100,"height":40}}],{"__type__":"cc.SpriteFrame","content":{"name":"btn_juhuang","texture":"7aNGuFaTNEiIrMceu9Wo2i","rect":[326,204,132,43],"offset":[0,0],"originalSize":[132,43]}},{"__type__":"cc.SpriteFrame","content":{"name":"chanzi_3","texture":"7aNGuFaTNEiIrMceu9Wo2i","rect":[1552,104,65,63],"offset":[0,-1],"originalSize":[65,65],"rotated":1}},{"__type__":"cc.SpriteFrame","content":{"name":"btn_claimx3","texture":"7aNGuFaTNEiIrMceu9Wo2i","rect":[2,2,238,54],"offset":[0,0],"originalSize":[238,54],"rotated":1}},{"__type__":"cc.SpriteFrame","content":{"name":"icon_baoshi","texture":"7aNGuFaTNEiIrMceu9Wo2i","rect":[1852,44,40,40],"offset":[0,0],"originalSize":[40,40]}},{"__type__":"cc.SpriteFrame","content":{"name":"j_3","texture":"7aNGuFaTNEiIrMceu9Wo2i","rect":[1803,206,40,40],"offset":[0,0],"originalSize":[40,40]}},{"__type__":"cc.SpriteFrame","content":{"name":"dianzuan_1","texture":"7aNGuFaTNEiIrMceu9Wo2i","rect":[1617,104,65,61],"offset":[0,-2],"originalSize":[65,65],"rotated":1}},{"__type__":"cc.SpriteFrame","content":{"name":"img_diban","texture":"7aNGuFaTNEiIrMceu9Wo2i","rect":[1381,104,10,34],"offset":[0,0],"originalSize":[10,34],"rotated":1,"capInsets":[2,3,2,1]}},{"__type__":"cc.SpriteFrame","content":{"name":"btn_green","texture":"7aNGuFaTNEiIrMceu9Wo2i","rect":[594,204,132,43],"offset":[0,0],"originalSize":[132,43]}},{"__type__":"cc.SpriteFrame","content":{"name":"j_1_100","texture":"7aNGuFaTNEiIrMceu9Wo2i","rect":[1804,104,100,100],"offset":[0,0],"originalSize":[100,100]}},{"__type__":"cc.SpriteFrame","content":{"name":"chuizi_2","texture":"7aNGuFaTNEiIrMceu9Wo2i","rect":[1494,176,63,65],"offset":[0,0],"originalSize":[65,65]}},{"__type__":"cc.SpriteFrame","content":{"name":"bg_1","texture":"7aNGuFaTNEiIrMceu9Wo2i","rect":[58,2,1130,200],"offset":[0,0],"originalSize":[1130,200]}},{"__type__":"cc.SpriteFrame","content":{"name":"bg_tk","texture":"7aNGuFaTNEiIrMceu9Wo2i","rect":[1240,104,40,20],"offset":[0,0],"originalSize":[40,20],"capInsets":[1,1,1,1]}},{"__type__":"cc.SpriteFrame","content":{"name":"chutou_3","texture":"7aNGuFaTNEiIrMceu9Wo2i","rect":[1685,171,65,51],"offset":[0,-2],"originalSize":[65,65],"rotated":1}},[{"__type__":"cc.Prefab","_name":"rewardItem","data":{"__id__":1},"asyncLoadAssets":null},{"__type__":"cc.Node","_name":"rewardItem","_children":[{"__id__":2},{"__id__":4}],"_components":[{"__type__":"09777QBctNLYJN8Xk7DnA+r","node":{"__id__":1},"icon":{"__id__":3},"text":{"__id__":5}}],"_prefab":{"__type__":"cc.PrefabInfo","root":{"__id__":1},"asset":{"__uuid__":"bemek38iNE4aPuYKXy1iNw"},"fileId":"58DAA/a4BPMqrMin7o+8af"},"_contentSize":{"__type__":"cc.Size","width":162,"height":175}},{"__type__":"cc.Node","_name":"icon","_parent":{"__id__":1},"_components":[{"__id__":3}],"_prefab":{"__type__":"cc.PrefabInfo","root":{"__id__":1},"asset":{"__uuid__":"bemek38iNE4aPuYKXy1iNw"},"fileId":"65MdgIYhxJp6EbxLp1B7kF"},"_contentSize":{"__type__":"cc.Size","width":40,"height":40},"_position":{"__type__":"cc.Vec2","y":20}},{"__type__":"cc.Sprite","node":{"__id__":2},"_spriteFrame":{"__uuid__":"43EsbERrFI94RJkFtPVGDR"}},{"__type__":"cc.Node","_name":"text","_parent":{"__id__":1},"_components":[{"__id__":5}],"_prefab":{"__type__":"cc.PrefabInfo","root":{"__id__":1},"asset":{"__uuid__":"bemek38iNE4aPuYKXy1iNw"},"fileId":"37Q0c645RM7bI8ia4yat8r"},"_contentSize":{"__type__":"cc.Size","width":98,"height":40},"_position":{"__type__":"cc.Vec2","y":-28}},{"__type__":"cc.Label","node":{"__id__":4},"_useOriginalSize":false,"_N$horizontalAlign":1,"_N$verticalAlign":1}],{"__type__":"cc.SpriteFrame","content":{"name":"chuizi_1","texture":"7aNGuFaTNEiIrMceu9Wo2i","rect":[1741,104,61,63],"offset":[0,-1],"originalSize":[65,65]}},{"__type__":"cc.SpriteFrame","content":{"name":"j_1","texture":"7aNGuFaTNEiIrMceu9Wo2i","rect":[1887,206,40,40],"offset":[0,0],"originalSize":[40,40]}},{"__type__":"cc.SpriteFrame","content":{"name":"btn_level_open","texture":"7aNGuFaTNEiIrMceu9Wo2i","rect":[728,204,100,41],"offset":[0,0],"originalSize":[100,41]}},{"__type__":"cc.SpriteFrame","content":{"name":"dianzuan_2","texture":"7aNGuFaTNEiIrMceu9Wo2i","rect":[1624,171,65,59],"offset":[0,-3],"originalSize":[65,65],"rotated":1}},{"__type__":"cc.SpriteFrame","content":{"name":"t_1","texture":"7aNGuFaTNEiIrMceu9Wo2i","rect":[1115,204,40,40],"offset":[0,0],"originalSize":[40,40]}},{"__type__":"cc.SpriteFrame","content":{"name":"t_4","texture":"7aNGuFaTNEiIrMceu9Wo2i","rect":[989,204,40,40],"offset":[0,0],"originalSize":[40,40]}},{"__type__":"cc.SpriteFrame","content":{"name":"img_shijian","texture":"7aNGuFaTNEiIrMceu9Wo2i","rect":[58,204,132,43],"offset":[0,0],"originalSize":[132,43]}},{"__type__":"cc.SpriteFrame","content":{"name":"chanzi_2","texture":"7aNGuFaTNEiIrMceu9Wo2i","rect":[1559,171,65,63],"offset":[0,-1],"originalSize":[65,65],"rotated":1}},{"__type__":"cc.SpriteFrame","content":{"name":"s_1_100","texture":"7aNGuFaTNEiIrMceu9Wo2i","rect":[1750,2,100,100],"offset":[0,0],"originalSize":[100,100]}},{"__type__":"cc.SpriteFrame","content":{"name":"ui_tc","texture":"7aNGuFaTNEiIrMceu9Wo2i","rect":[1282,104,36,18],"offset":[0,0],"originalSize":[36,18],"capInsets":[1,1,1,1]}},{"__type__":"cc.SpriteFrame","content":{"name":"icon_shipin","texture":"7aNGuFaTNEiIrMceu9Wo2i","rect":[1374,198,51,47],"offset":[0,0],"originalSize":[73,73]}},{"__type__":"cc.SpriteFrame","content":{"name":"img_wenhao","texture":"7aNGuFaTNEiIrMceu9Wo2i","rect":[1452,104,70,98],"offset":[0,0],"originalSize":[70,98],"rotated":1}},{"__type__":"cc.SpriteFrame","content":{"name":"default_btn_pressed","texture":"b4P/PCArtIdIH38t6mlw8Y","rect":[0,0,40,40],"offset":[0,0],"originalSize":[40,40],"capInsets":[11,11,11,7]}},{"__type__":"cc.SpriteFrame","content":{"name":"btn_heise","texture":"7aNGuFaTNEiIrMceu9Wo2i","rect":[460,204,132,43],"offset":[0,0],"originalSize":[132,43],"capInsets":[2,1,4,8]}},{"__type__":"cc.SpriteFrame","content":{"name":"chutou_1","texture":"7aNGuFaTNEiIrMceu9Wo2i","rect":[1680,104,65,59],"offset":[0,-3],"originalSize":[65,65],"rotated":1}},{"__type__":"cc.SpriteFrame","content":{"name":"box-silver","texture":"7aNGuFaTNEiIrMceu9Wo2i","rect":[1315,124,72,66],"offset":[0,0],"originalSize":[72,66],"rotated":1}},{"__type__":"cc.SpriteFrame","content":{"name":"icon_huoqu","texture":"7aNGuFaTNEiIrMceu9Wo2i","rect":[1264,126,73,49],"offset":[0,0],"originalSize":[73,73],"rotated":1}},{"__type__":"cc.SpriteFrame","content":{"name":"default_btn_normal","texture":"e8Ueib+qJEhL6mXAHdnwbi","rect":[0,0,40,40],"offset":[0,0],"originalSize":[40,40],"capInsets":[8,11,7,9]}},{"__type__":"cc.SpriteFrame","content":{"name":"t_0_100","texture":"7aNGuFaTNEiIrMceu9Wo2i","rect":[1546,2,100,100],"offset":[0,0],"originalSize":[100,100]}},{"__type__":"cc.SpriteFrame","content":{"name":"chutou_2","texture":"7aNGuFaTNEiIrMceu9Wo2i","rect":[1427,189,65,57],"offset":[0,-3],"originalSize":[65,65]}},{"__type__":"cc.SpriteFrame","content":{"name":"s_2","texture":"7aNGuFaTNEiIrMceu9Wo2i","rect":[1241,203,40,40],"offset":[0,0],"originalSize":[40,40]}},[{"__type__":"cc.Prefab","_name":"blocksmall","data":{"__id__":1},"asyncLoadAssets":null},{"__type__":"cc.Node","_name":"blocks","_components":[{"__id__":2},{"__type__":"7cd3695p0pE449QwFO9hlb4","node":{"__id__":1},"sp":{"__id__":2}}],"_prefab":{"__type__":"cc.PrefabInfo","root":{"__id__":1},"asset":{"__uuid__":"f52XZ8yo1FRrZpMnhTSzit"},"fileId":"46U9Cxr6RKgLP3CTNiIqRW"},"_contentSize":{"__type__":"cc.Size","width":40,"height":40},"_position":{"__type__":"cc.Vec2","x":481,"y":39}},{"__type__":"cc.Sprite","node":{"__id__":1},"_sizeMode":2}],{"__type__":"cc.SpriteFrame","content":{"name":"btn_level-up","texture":"7aNGuFaTNEiIrMceu9Wo2i","rect":[830,204,100,41],"offset":[0,0],"originalSize":[100,41]}},[{"__type__":"cc.Prefab","_name":"blockbig","data":{"__id__":1},"asyncLoadAssets":null},{"__type__":"cc.Node","_name":"blockb","_components":[{"__id__":2},{"__type__":"efc26s3XmVDSKEqtpWDjjyy","node":{"__id__":1},"sp":{"__id__":2}}],"_prefab":{"__type__":"cc.PrefabInfo","root":{"__id__":1},"asset":{"__uuid__":"fbbNGYHClM7K7sR00V8Hl+"},"fileId":"44/92SFZNB1qE1luz0k/Fw"},"_contentSize":{"__type__":"cc.Size","width":100,"height":100},"_position":{"__type__":"cc.Vec2","x":199,"y":104}},{"__type__":"cc.Sprite","node":{"__id__":1},"_sizeMode":2}],{"__type__":"cc.SpriteFrame","content":{"name":"t_0","texture":"7aNGuFaTNEiIrMceu9Wo2i","rect":[1157,204,40,40],"offset":[0,0],"originalSize":[40,40]}}]