[
  {
    "__type__": "sp.SkeletonData",
    "_name": "record",
    "_rawFiles": [
      "raw-skeleton.json"
    ],
    "_skeletonJson": {
      "skeleton": {
        "fps": 24,
        "hash": " ",
        "name": "MovieClip"
      },
      "bones": [
        {
          "name": "root"
        },
        {
          "name": "111",
          "parent": "root"
        },
        {
          "name": "6666666666666",
          "parent": "root"
        }
      ],
      "slots": [
        {
          "name": "111",
          "bone": "111"
        },
        {
          "name": "6666666666666",
          "bone": "6666666666666"
        }
      ],
      "skins": {
        "default": {
          "111": {
            "111": {
              "name": "111",
              "width": 720,
              "height": 102
            }
          },
          "6666666666666": {
            "6666666666666": {
              "name": "6666666666666",
              "width": 406,
              "height": 60
            }
          }
        }
      },
      "animations": {
        "newAnimation": {
          "bones": {
            "111": {
              "translate": [
                {
                  "time": 0,
                  "x": -721.03
                },
                {
                  "time": 0.4167,
                  "curve": "stepped",
                  "x": -1.5
                },
                {
                  "time": 0.8334,
                  "x": -1.5
                },
                {
                  "time": 1.2501,
                  "x": 719.88
                }
              ]
            },
            "6666666666666": {
              "translate": [
                {
                  "time": 0,
                  "curve": "stepped"
                },
                {
                  "time": 0.8333
                },
                {
                  "time": 1.25,
                  "x": -570.41
                }
              ],
              "scale": [
                {
                  "time": 0,
                  "curve": "stepped",
                  "x": 1.78,
                  "y": 1.78
                },
                {
                  "time": 0.2917,
                  "x": 1.78,
                  "y": 1.78
                },
                {
                  "time": 0.4167,
                  "x": 1,
                  "y": 1
                }
              ]
            }
          },
          "slots": {
            "111": {
              "attachment": [
                {
                  "time": 0,
                  "name": "111"
                }
              ],
              "color": [
                {
                  "time": 0,
                  "color": "FFFFFF00"
                },
                {
                  "time": 0.4167,
                  "curve": "stepped",
                  "color": "FFFFFFFF"
                },
                {
                  "time": 0.8334,
                  "color": "FFFFFFFF"
                },
                {
                  "time": 1.2501,
                  "color": "FFFFFF00"
                }
              ]
            },
            "6666666666666": {
              "attachment": [
                {
                  "time": 0,
                  "name": "6666666666666"
                }
              ],
              "color": [
                {
                  "time": 0,
                  "curve": "stepped",
                  "color": "FFFFFF00"
                },
                {
                  "time": 0.2917,
                  "color": "FFFFFF00"
                },
                {
                  "time": 0.4167,
                  "curve": "stepped",
                  "color": "FFFFFFFF"
                },
                {
                  "time": 0.8334,
                  "color": "FFFFFFFF"
                },
                {
                  "time": 1.2501,
                  "color": "FFFFFF00"
                }
              ]
            }
          }
        }
      }
    },
    "_atlasText": "\nrecord.png\nsize: 723,167\nformat: RGBA8888\nfilter: Linear,Linear\nrepeat: none\n111\n  rotate: false\n  xy: 1, 1\n  size: 720, 102\n  orig: 720, 102\n  offset: 0, 0\n  index: -1\n6666666666666\n  rotate: false\n  xy: 1, 105\n  size: 406, 60\n  orig: 406, 60\n  offset: 0, 0\n  index: -1\n",
    "atlasUrl": {
      "__uuid__": "b9Hs/O6C5BsqTz2srl0vi0"
    },
    "textures": [
      {
        "__uuid__": "6esBWXC89AT4iK2DKXD549"
      }
    ]
  },
  [
    {
      "__type__": "cc.SceneAsset",
      "_name": "game",
      "scene": {
        "__id__": 1
      },
      "asyncLoadAssets": null
    },
    {
      "__type__": "cc.Scene",
      "_name": "New Node",
      "_children": [
        {
          "__id__": 2
        }
      ],
      "_anchorPoint": {
        "__type__": "cc.Vec2"
      },
      "autoReleaseAssets": false
    },
    {
      "__type__": "cc.Node",
      "_name": "Canvas",
      "_parent": {
        "__id__": 1
      },
      "_children": [
        {
          "__id__": 3
        },
        {
          "__id__": 4
        },
        {
          "__id__": 5
        },
        {
          "__id__": 6
        },
        {
          "__id__": 7
        },
        {
          "__id__": 8
        },
        {
          "__id__": 9
        },
        {
          "__id__": 22
        },
        {
          "__id__": 13
        },
        {
          "__id__": 16
        },
        {
          "__id__": 23
        }
      ],
      "_components": [
        {
          "__type__": "cc.Canvas",
          "node": {
            "__id__": 2
          },
          "_designResolution": {
            "__type__": "cc.Size",
            "width": 720,
            "height": 1130
          },
          "_fitWidth": true,
          "_fitHeight": false
        },
        {
          "__type__": "cc.Widget",
          "node": {
            "__id__": 2
          },
          "_alignFlags": 45,
          "_originalWidth": 720,
          "_originalHeight": 1130
        },
        {
          "__id__": 11
        },
        {
          "__type__": "0d424lthKVA06IAwtsRaTXu",
          "node": {
            "__id__": 2
          },
          "gamecontroller": {
            "__id__": 11
          },
          "gameNodes": {
            "__id__": 6
          }
        },
        {
          "__id__": 10
        },
        {
          "__type__": "72f237q9VJAs7/W73g6nPHK",
          "node": {
            "__id__": 2
          },
          "gamecontroller": {
            "__id__": 11
          },
          "bulletsNodes": {
            "__id__": 7
          }
        }
      ],
      "_id": "689tM/yixMBL88PPTBOE/4",
      "_contentSize": {
        "__type__": "cc.Size",
        "width": 720,
        "height": 1130
      },
      "_position": {
        "__type__": "cc.Vec2",
        "x": 360,
        "y": 565
      }
    },
    {
      "__type__": "cc.Node",
      "_name": "sprite_splash",
      "_parent": {
        "__id__": 2
      },
      "_components": [
        {
          "__type__": "cc.Sprite",
          "node": {
            "__id__": 3
          },
          "_spriteFrame": {
            "__uuid__": "a2MjXRFdtLlYQ5ouAFv/+R"
          },
          "_sizeMode": 0
        },
        {
          "__type__": "cc.Widget",
          "node": {
            "__id__": 3
          },
          "_alignFlags": 45,
          "_originalWidth": 100,
          "_originalHeight": 100
        }
      ],
      "_color": {
        "__type__": "cc.Color",
        "r": 11,
        "g": 22,
        "b": 20
      },
      "_contentSize": {
        "__type__": "cc.Size",
        "width": 720,
        "height": 1130
      }
    },
    {
      "__type__": "cc.Node",
      "_name": "left",
      "_parent": {
        "__id__": 2
      },
      "_components": [
        {
          "__type__": "cc.Sprite",
          "node": {
            "__id__": 4
          },
          "_spriteFrame": {
            "__uuid__": "93SN9+N6RFVaSmfZWITbrF"
          },
          "_type": 2,
          "_sizeMode": 0
        },
        {
          "__type__": "cc.Widget",
          "node": {
            "__id__": 4
          },
          "_alignFlags": 13,
          "_originalHeight": 30
        }
      ],
      "_contentSize": {
        "__type__": "cc.Size",
        "width": 10,
        "height": 1130
      },
      "_position": {
        "__type__": "cc.Vec2",
        "x": -355
      }
    },
    {
      "__type__": "cc.Node",
      "_name": "right",
      "_parent": {
        "__id__": 2
      },
      "_components": [
        {
          "__type__": "cc.Sprite",
          "node": {
            "__id__": 5
          },
          "_spriteFrame": {
            "__uuid__": "93SN9+N6RFVaSmfZWITbrF"
          },
          "_type": 2,
          "_sizeMode": 0
        },
        {
          "__type__": "cc.Widget",
          "node": {
            "__id__": 5
          },
          "_alignFlags": 37,
          "_originalWidth": 10,
          "_originalHeight": 30
        }
      ],
      "_contentSize": {
        "__type__": "cc.Size",
        "width": 10,
        "height": 1130
      },
      "_position": {
        "__type__": "cc.Vec2",
        "x": 355
      }
    },
    {
      "__type__": "cc.Node",
      "_name": "gameNodes",
      "_parent": {
        "__id__": 2
      },
      "_components": [
        {
          "__type__": "cc.Widget",
          "node": {
            "__id__": 6
          },
          "_alignFlags": 5,
          "_top": 0.5,
          "_bottom": 0.5,
          "_isAbsTop": false,
          "_isAbsBottom": false
        }
      ]
    },
    {
      "__type__": "cc.Node",
      "_name": "tanksnode",
      "_parent": {
        "__id__": 2
      }
    },
    {
      "__type__": "cc.Node",
      "_name": "particlenodes",
      "_parent": {
        "__id__": 2
      }
    },
    {
      "__type__": "cc.Node",
      "_name": "touchView",
      "_parent": {
        "__id__": 2
      },
      "_components": [
        {
          "__type__": "b5615rhlrNCbba6DekiHvKF",
          "node": {
            "__id__": 9
          },
          "controller": {
            "__id__": 10
          }
        },
        {
          "__type__": "cc.Widget",
          "node": {
            "__id__": 9
          },
          "_alignFlags": 45
        }
      ],
      "_contentSize": {
        "__type__": "cc.Size",
        "width": 720,
        "height": 1130
      }
    },
    {
      "__type__": "f3638LjSR9C7Y34DW+oresW",
      "node": {
        "__id__": 2
      },
      "gamecontroller": {
        "__id__": 11
      },
      "basePt": {
        "__type__": "cc.Vec2",
        "y": -99.5
      },
      "camera": {
        "__id__": 21
      },
      "collisionIndex": 0,
      "invincibleLabel": {
        "__id__": 18
      }
    },
    {
      "__type__": "b1b55LQDS5DjI+Xt+fcB5Qx",
      "node": {
        "__id__": 2
      },
      "gameNodes": {
        "__id__": 6
      },
      "bulletsNodes": {
        "__id__": 7
      },
      "tanksNode": {
        "__id__": 7
      },
      "stLabel": {
        "__id__": 12
      },
      "scoreLabel": {
        "__id__": 14
      },
      "camera": {
        "__id__": 21
      },
      "gameoverNode": {
        "__id__": 23
      },
      "particleNode": {
        "__id__": 8
      },
      "recordSpine": {
        "__id__": 20
      }
    },
    {
      "__type__": "cc.Label",
      "node": {
        "__id__": 13
      },
      "_useOriginalSize": false,
      "_N$string": "st:",
      "_N$horizontalAlign": 1,
      "_N$verticalAlign": 1
    },
    {
      "__type__": "cc.Node",
      "_name": "gamelabel",
      "_parent": {
        "__id__": 2
      },
      "_active": false,
      "_components": [
        {
          "__id__": 12
        }
      ],
      "_contentSize": {
        "__type__": "cc.Size",
        "width": 42,
        "height": 40
      },
      "_position": {
        "__type__": "cc.Vec2",
        "x": -276,
        "y": 485
      }
    },
    {
      "__type__": "cc.Label",
      "node": {
        "__id__": 15
      },
      "_useOriginalSize": false,
      "_actualFontSize": 60,
      "_fontSize": 60,
      "_lineHeight": 60,
      "_N$string": "12345",
      "_N$horizontalAlign": 2,
      "_N$verticalAlign": 1
    },
    {
      "__type__": "cc.Node",
      "_name": "score",
      "_parent": {
        "__id__": 16
      },
      "_components": [
        {
          "__id__": 14
        },
        {
          "__type__": "cc.Widget",
          "node": {
            "__id__": 15
          },
          "_alignFlags": 9,
          "_left": 20,
          "_top": 20,
          "_originalWidth": 167
        }
      ],
      "_color": {
        "__type__": "cc.Color",
        "r": 252,
        "g": 252,
        "b": 252
      },
      "_anchorPoint": {
        "__type__": "cc.Vec2",
        "y": 0.5
      },
      "_contentSize": {
        "__type__": "cc.Size",
        "width": 167,
        "height": 60
      },
      "_position": {
        "__type__": "cc.Vec2",
        "x": -340,
        "y": 515
      }
    },
    {
      "__type__": "cc.Node",
      "_name": "ui",
      "_parent": {
        "__id__": 2
      },
      "_children": [
        {
          "__id__": 15
        },
        {
          "__id__": 17
        },
        {
          "__id__": 19
        }
      ],
      "_components": [
        {
          "__type__": "cc.Widget",
          "node": {
            "__id__": 16
          },
          "_alignFlags": 45
        }
      ],
      "_contentSize": {
        "__type__": "cc.Size",
        "width": 720,
        "height": 1130
      }
    },
    {
      "__type__": "cc.Node",
      "_name": "time",
      "_parent": {
        "__id__": 16
      },
      "_components": [
        {
          "__id__": 18
        },
        {
          "__type__": "cc.Widget",
          "node": {
            "__id__": 17
          },
          "_alignFlags": 41,
          "_left": 0.4722222222222222,
          "_right": 0.4722222222222222,
          "_top": 300,
          "_isAbsLeft": false,
          "_isAbsRight": false,
          "_originalWidth": 167
        },
        {
          "__type__": "cc.LabelOutline",
          "node": {
            "__id__": 17
          },
          "_color": {
            "__type__": "cc.Color"
          },
          "_width": 3
        }
      ],
      "_color": {
        "__type__": "cc.Color",
        "r": 252,
        "g": 252,
        "b": 252
      },
      "_contentSize": {
        "__type__": "cc.Size",
        "width": 40,
        "height": 70
      },
      "_position": {
        "__type__": "cc.Vec2",
        "y": 230
      }
    },
    {
      "__type__": "cc.Label",
      "node": {
        "__id__": 17
      },
      "_useOriginalSize": false,
      "_actualFontSize": 65,
      "_fontSize": 65,
      "_lineHeight": 70,
      "_N$file": {
        "__uuid__": "d5TKuLqclAgoh8DM5akG9N"
      },
      "_isSystemFontUsed": false,
      "_N$string": "5",
      "_N$horizontalAlign": 2,
      "_N$verticalAlign": 1
    },
    {
      "__type__": "cc.Node",
      "_name": "spine",
      "_parent": {
        "__id__": 16
      },
      "_components": [
        {
          "__id__": 20
        }
      ],
      "_position": {
        "__type__": "cc.Vec2",
        "x": -6,
        "y": 89
      }
    },
    {
      "__type__": "sp.Skeleton",
      "node": {
        "__id__": 19
      },
      "defaultAnimation": "newAnimation",
      "loop": false,
      "_N$skeletonData": {
        "__uuid__": "04YAPuBNhMSphPTQObedlB"
      }
    },
    {
      "__type__": "cc.Camera",
      "node": {
        "__id__": 22
      },
      "_targets": [
        {
          "__id__": 6
        },
        {
          "__id__": 7
        },
        {
          "__id__": 8
        }
      ]
    },
    {
      "__type__": "cc.Node",
      "_name": "cameranode",
      "_parent": {
        "__id__": 2
      },
      "_components": [
        {
          "__id__": 21
        }
      ]
    },
    {
      "__type__": "cc.Node",
      "_name": "gameover",
      "_parent": {
        "__id__": 2
      },
      "_children": [
        {
          "__id__": 24
        },
        {
          "__id__": 25
        },
        {
          "__id__": 40
        }
      ],
      "_components": [
        {
          "__type__": "2f3a8ZxuLVEHoAzMQOP757a",
          "node": {
            "__id__": 23
          },
          "ScoreLable": {
            "__id__": 33
          },
          "HighLable": {
            "__id__": 31
          },
          "TimeLable": {
            "__id__": 38
          },
          "clockNode": {
            "__id__": 35
          },
          "NormalNode": {
            "__id__": 25
          },
          "NewHighNode": {
            "__id__": 40
          },
          "gamecontroller": {
            "__id__": 11
          },
          "newHightScoreLb": {
            "__id__": 43
          },
          "newHightHistoryLb": {
            "__id__": 46
          },
          "closeBtn": {
            "__id__": 48
          }
        },
        {
          "__type__": "cc.Widget",
          "node": {
            "__id__": 23
          },
          "_alignFlags": 45
        },
        {
          "__type__": "cc.BlockInputEvents",
          "node": {
            "__id__": 23
          }
        }
      ],
      "_color": {
        "__type__": "cc.Color",
        "r": 250,
        "g": 248,
        "b": 248
      },
      "_contentSize": {
        "__type__": "cc.Size",
        "width": 720,
        "height": 1130
      }
    },
    {
      "__type__": "cc.Node",
      "_name": "sprite_splash",
      "_parent": {
        "__id__": 23
      },
      "_components": [
        {
          "__type__": "cc.Sprite",
          "node": {
            "__id__": 24
          },
          "_spriteFrame": {
            "__uuid__": "a2MjXRFdtLlYQ5ouAFv/+R"
          },
          "_sizeMode": 0
        },
        {
          "__type__": "cc.Widget",
          "node": {
            "__id__": 24
          },
          "_alignFlags": 45,
          "_originalWidth": 100,
          "_originalHeight": 100
        }
      ],
      "_opacity": 160,
      "_color": {
        "__type__": "cc.Color"
      },
      "_contentSize": {
        "__type__": "cc.Size",
        "width": 720,
        "height": 1130
      }
    },
    {
      "__type__": "cc.Node",
      "_name": "normal",
      "_parent": {
        "__id__": 23
      },
      "_children": [
        {
          "__id__": 26
        },
        {
          "__id__": 28
        },
        {
          "__id__": 34
        },
        {
          "__id__": 39
        }
      ]
    },
    {
      "__type__": "cc.Node",
      "_name": "continue",
      "_parent": {
        "__id__": 25
      },
      "_children": [
        {
          "__id__": 27
        }
      ],
      "_components": [
        {
          "__type__": "cc.Sprite",
          "node": {
            "__id__": 26
          },
          "_type": 1,
          "_sizeMode": 0
        },
        {
          "__type__": "cc.Button",
          "node": {
            "__id__": 26
          },
          "transition": 2,
          "pressedColor": {
            "__type__": "cc.Color",
            "r": 255,
            "g": 255,
            "b": 255
          },
          "clickEvents": [
            {
              "__type__": "cc.ClickEvent",
              "target": {
                "__id__": 23
              },
              "component": "GameOver",
              "handler": "onContinue"
            }
          ],
          "_N$normalColor": {
            "__type__": "cc.Color",
            "r": 255,
            "g": 255,
            "b": 255
          },
          "_N$disabledColor": {
            "__type__": "cc.Color",
            "r": 255,
            "g": 255,
            "b": 255
          },
          "_N$target": {
            "__id__": 26
          }
        }
      ],
      "_contentSize": {
        "__type__": "cc.Size",
        "width": 300,
        "height": 60
      },
      "_position": {
        "__type__": "cc.Vec2",
        "y": -232
      }
    },
    {
      "__type__": "cc.Node",
      "_name": "Label",
      "_parent": {
        "__id__": 26
      },
      "_components": [
        {
          "__type__": "cc.Label",
          "node": {
            "__id__": 27
          },
          "_useOriginalSize": false,
          "_actualFontSize": 55.9,
          "_fontSize": 55.9,
          "_lineHeight": 60,
          "_enableWrapText": false,
          "_N$string": "Continue",
          "_N$horizontalAlign": 1,
          "_N$verticalAlign": 1,
          "_N$overflow": 1
        }
      ],
      "_color": {
        "__type__": "cc.Color",
        "r": 253,
        "g": 253,
        "b": 253
      },
      "_contentSize": {
        "__type__": "cc.Size",
        "width": 300,
        "height": 60
      }
    },
    {
      "__type__": "cc.Node",
      "_name": "scorenode",
      "_parent": {
        "__id__": 25
      },
      "_children": [
        {
          "__id__": 29
        },
        {
          "__id__": 30
        },
        {
          "__id__": 32
        }
      ]
    },
    {
      "__type__": "cc.Node",
      "_name": "historybg",
      "_parent": {
        "__id__": 28
      },
      "_components": [
        {
          "__type__": "cc.Sprite",
          "node": {
            "__id__": 29
          },
          "_spriteFrame": {
            "__uuid__": "906O+gmMVHwZQzGP6sKvvu"
          },
          "_sizeMode": 0
        }
      ],
      "_contentSize": {
        "__type__": "cc.Size",
        "width": 300,
        "height": 300
      },
      "_position": {
        "__type__": "cc.Vec2",
        "y": 275.5
      }
    },
    {
      "__type__": "cc.Node",
      "_name": "high",
      "_parent": {
        "__id__": 28
      },
      "_components": [
        {
          "__id__": 31
        }
      ],
      "_color": {
        "__type__": "cc.Color"
      },
      "_anchorPoint": {
        "__type__": "cc.Vec2",
        "y": 0.5
      },
      "_contentSize": {
        "__type__": "cc.Size",
        "width": 129,
        "height": 60
      },
      "_position": {
        "__type__": "cc.Vec2",
        "x": -30,
        "y": 205.5
      }
    },
    {
      "__type__": "cc.Label",
      "node": {
        "__id__": 30
      },
      "_useOriginalSize": false,
      "_actualFontSize": 60,
      "_fontSize": 60,
      "_lineHeight": 60,
      "_N$string": "1140",
      "_N$verticalAlign": 1
    },
    {
      "__type__": "cc.Node",
      "_name": "score",
      "_parent": {
        "__id__": 28
      },
      "_components": [
        {
          "__id__": 33
        }
      ],
      "_color": {
        "__type__": "cc.Color",
        "r": 22,
        "g": 22,
        "b": 22
      },
      "_contentSize": {
        "__type__": "cc.Size",
        "width": 63,
        "height": 120
      },
      "_position": {
        "__type__": "cc.Vec2",
        "y": 330.3
      }
    },
    {
      "__type__": "cc.Label",
      "node": {
        "__id__": 32
      },
      "_useOriginalSize": false,
      "_actualFontSize": 120,
      "_fontSize": 120,
      "_lineHeight": 120,
      "_N$file": {
        "__uuid__": "d5TKuLqclAgoh8DM5akG9N"
      },
      "_isSystemFontUsed": false,
      "_N$string": "7",
      "_N$horizontalAlign": 1,
      "_N$verticalAlign": 1
    },
    {
      "__type__": "cc.Node",
      "_name": "adnode",
      "_parent": {
        "__id__": 25
      },
      "_children": [
        {
          "__id__": 35
        }
      ]
    },
    {
      "__type__": "cc.Node",
      "_name": "timenode",
      "_parent": {
        "__id__": 34
      },
      "_children": [
        {
          "__id__": 36
        },
        {
          "__id__": 37
        }
      ],
      "_components": [
        {
          "__type__": "cc.Sprite",
          "node": {
            "__id__": 35
          },
          "_spriteFrame": {
            "__uuid__": "86idQxmXxK7aG5EEpmtIoZ"
          },
          "_type": 1,
          "_sizeMode": 0
        },
        {
          "__type__": "cc.Button",
          "node": {
            "__id__": 35
          },
          "transition": 2,
          "pressedColor": {
            "__type__": "cc.Color",
            "r": 255,
            "g": 255,
            "b": 255
          },
          "clickEvents": [
            {
              "__type__": "cc.ClickEvent",
              "target": {
                "__id__": 23
              },
              "component": "GameOver",
              "handler": "onClock"
            }
          ],
          "_N$normalColor": {
            "__type__": "cc.Color",
            "r": 255,
            "g": 255,
            "b": 255
          },
          "_N$disabledColor": {
            "__type__": "cc.Color",
            "r": 255,
            "g": 255,
            "b": 255
          },
          "_N$normalSprite": {
            "__uuid__": "86idQxmXxK7aG5EEpmtIoZ"
          },
          "_N$target": {
            "__id__": 35
          }
        }
      ],
      "_color": {
        "__type__": "cc.Color",
        "r": 253,
        "g": 253,
        "b": 252
      },
      "_contentSize": {
        "__type__": "cc.Size",
        "width": 200,
        "height": 200
      },
      "_position": {
        "__type__": "cc.Vec2",
        "y": -33
      }
    },
    {
      "__type__": "cc.Node",
      "_name": "label",
      "_parent": {
        "__id__": 35
      },
      "_components": [
        {
          "__type__": "cc.Label",
          "node": {
            "__id__": 36
          },
          "_useOriginalSize": false,
          "_lineHeight": 50,
          "_N$string": "More life",
          "_N$horizontalAlign": 1,
          "_N$verticalAlign": 1
        }
      ],
      "_opacity": 160,
      "_color": {
        "__type__": "cc.Color",
        "r": 22,
        "g": 22,
        "b": 22
      },
      "_contentSize": {
        "__type__": "cc.Size",
        "width": 153,
        "height": 50
      },
      "_position": {
        "__type__": "cc.Vec2",
        "x": -2,
        "y": 38
      }
    },
    {
      "__type__": "cc.Node",
      "_name": "time",
      "_parent": {
        "__id__": 35
      },
      "_components": [
        {
          "__id__": 38
        }
      ],
      "_opacity": 160,
      "_color": {
        "__type__": "cc.Color"
      },
      "_contentSize": {
        "__type__": "cc.Size",
        "width": 56,
        "height": 100
      },
      "_position": {
        "__type__": "cc.Vec2",
        "y": -39
      }
    },
    {
      "__type__": "cc.Label",
      "node": {
        "__id__": 37
      },
      "_useOriginalSize": false,
      "_actualFontSize": 100,
      "_fontSize": 100,
      "_lineHeight": 100,
      "_N$string": "5",
      "_N$verticalAlign": 1
    },
    {
      "__type__": "cc.Node",
      "_name": "share",
      "_parent": {
        "__id__": 25
      },
      "_components": [
        {
          "__type__": "cc.Sprite",
          "node": {
            "__id__": 39
          },
          "_spriteFrame": {
            "__uuid__": "ecN75x6llNOoMrY0ZBOs5M"
          },
          "_type": 1,
          "_sizeMode": 0
        },
        {
          "__type__": "cc.Button",
          "node": {
            "__id__": 39
          },
          "transition": 2,
          "pressedColor": {
            "__type__": "cc.Color",
            "r": 255,
            "g": 255,
            "b": 255
          },
          "clickEvents": [
            {
              "__type__": "cc.ClickEvent",
              "target": {
                "__id__": 23
              },
              "component": "GameOver",
              "handler": "onShare"
            }
          ],
          "_N$normalColor": {
            "__type__": "cc.Color",
            "r": 255,
            "g": 255,
            "b": 255
          },
          "_N$disabledColor": {
            "__type__": "cc.Color",
            "r": 255,
            "g": 255,
            "b": 255
          },
          "_N$normalSprite": {
            "__uuid__": "ecN75x6llNOoMrY0ZBOs5M"
          },
          "_N$pressedSprite": {
            "__uuid__": "ecN75x6llNOoMrY0ZBOs5M"
          },
          "pressedSprite": {
            "__uuid__": "ecN75x6llNOoMrY0ZBOs5M"
          },
          "_N$hoverSprite": {
            "__uuid__": "ecN75x6llNOoMrY0ZBOs5M"
          },
          "hoverSprite": {
            "__uuid__": "ecN75x6llNOoMrY0ZBOs5M"
          },
          "_N$disabledSprite": {
            "__uuid__": "ecN75x6llNOoMrY0ZBOs5M"
          },
          "_N$target": {
            "__id__": 39
          }
        }
      ],
      "_contentSize": {
        "__type__": "cc.Size",
        "width": 253,
        "height": 86
      },
      "_position": {
        "__type__": "cc.Vec2",
        "x": 13,
        "y": -351
      }
    },
    {
      "__type__": "cc.Node",
      "_name": "highscore",
      "_parent": {
        "__id__": 23
      },
      "_children": [
        {
          "__id__": 41
        },
        {
          "__id__": 42
        },
        {
          "__id__": 44
        },
        {
          "__id__": 45
        },
        {
          "__id__": 47
        },
        {
          "__id__": 48
        }
      ],
      "_components": [
        {
          "__type__": "cc.Widget",
          "node": {
            "__id__": 40
          },
          "_alignFlags": 45
        }
      ],
      "_contentSize": {
        "__type__": "cc.Size",
        "width": 720,
        "height": 1130
      }
    },
    {
      "__type__": "cc.Node",
      "_name": "record_bg",
      "_parent": {
        "__id__": 40
      },
      "_components": [
        {
          "__type__": "cc.Sprite",
          "node": {
            "__id__": 41
          },
          "_spriteFrame": {
            "__uuid__": "7c+7k0TnROxalM34WRGSdG"
          },
          "_sizeMode": 0
        },
        {
          "__type__": "cc.Widget",
          "node": {
            "__id__": 41
          },
          "_alignFlags": 45,
          "_originalWidth": 720,
          "_originalHeight": 1130
        }
      ],
      "_contentSize": {
        "__type__": "cc.Size",
        "width": 720,
        "height": 1130
      }
    },
    {
      "__type__": "cc.Node",
      "_name": "score",
      "_parent": {
        "__id__": 40
      },
      "_components": [
        {
          "__id__": 43
        }
      ],
      "_contentSize": {
        "__type__": "cc.Size",
        "width": 39,
        "height": 80
      },
      "_position": {
        "__type__": "cc.Vec2",
        "y": 355
      }
    },
    {
      "__type__": "cc.Label",
      "node": {
        "__id__": 42
      },
      "_useOriginalSize": false,
      "_actualFontSize": 75,
      "_fontSize": 75,
      "_lineHeight": 80,
      "_N$file": {
        "__uuid__": "d5TKuLqclAgoh8DM5akG9N"
      },
      "_isSystemFontUsed": false,
      "_N$string": "1",
      "_N$horizontalAlign": 1,
      "_N$verticalAlign": 1
    },
    {
      "__type__": "cc.Node",
      "_name": "history",
      "_parent": {
        "__id__": 40
      },
      "_components": [
        {
          "__type__": "cc.Label",
          "node": {
            "__id__": 44
          },
          "_useOriginalSize": false,
          "_lineHeight": 50,
          "_N$string": "HISTORY",
          "_N$horizontalAlign": 1,
          "_N$verticalAlign": 1
        }
      ],
      "_color": {
        "__type__": "cc.Color",
        "r": 212,
        "g": 98,
        "b": 1
      },
      "_contentSize": {
        "__type__": "cc.Size",
        "width": 176,
        "height": 50
      },
      "_position": {
        "__type__": "cc.Vec2",
        "x": -78,
        "y": 255
      }
    },
    {
      "__type__": "cc.Node",
      "_name": "historyscore",
      "_parent": {
        "__id__": 40
      },
      "_components": [
        {
          "__id__": 46
        }
      ],
      "_color": {
        "__type__": "cc.Color",
        "r": 212,
        "g": 98,
        "b": 1
      },
      "_anchorPoint": {
        "__type__": "cc.Vec2",
        "y": 0.5
      },
      "_contentSize": {
        "__type__": "cc.Size",
        "width": 22,
        "height": 50
      },
      "_position": {
        "__type__": "cc.Vec2",
        "x": 72,
        "y": 255
      }
    },
    {
      "__type__": "cc.Label",
      "node": {
        "__id__": 45
      },
      "_useOriginalSize": false,
      "_lineHeight": 50,
      "_N$string": "1",
      "_N$horizontalAlign": 1,
      "_N$verticalAlign": 1
    },
    {
      "__type__": "cc.Node",
      "_name": "highshare",
      "_parent": {
        "__id__": 40
      },
      "_components": [
        {
          "__type__": "cc.Sprite",
          "node": {
            "__id__": 47
          },
          "_spriteFrame": {
            "__uuid__": "ecN75x6llNOoMrY0ZBOs5M"
          },
          "_type": 1,
          "_sizeMode": 0
        },
        {
          "__type__": "cc.Button",
          "node": {
            "__id__": 47
          },
          "transition": 2,
          "pressedColor": {
            "__type__": "cc.Color",
            "r": 255,
            "g": 255,
            "b": 255
          },
          "clickEvents": [
            {
              "__type__": "cc.ClickEvent",
              "target": {
                "__id__": 23
              },
              "component": "GameOver",
              "handler": "onHightShare"
            }
          ],
          "_N$normalColor": {
            "__type__": "cc.Color",
            "r": 255,
            "g": 255,
            "b": 255
          },
          "_N$disabledColor": {
            "__type__": "cc.Color",
            "r": 255,
            "g": 255,
            "b": 255
          },
          "_N$normalSprite": {
            "__uuid__": "ecN75x6llNOoMrY0ZBOs5M"
          },
          "_N$pressedSprite": {
            "__uuid__": "ecN75x6llNOoMrY0ZBOs5M"
          },
          "pressedSprite": {
            "__uuid__": "ecN75x6llNOoMrY0ZBOs5M"
          },
          "_N$hoverSprite": {
            "__uuid__": "ecN75x6llNOoMrY0ZBOs5M"
          },
          "hoverSprite": {
            "__uuid__": "ecN75x6llNOoMrY0ZBOs5M"
          },
          "_N$disabledSprite": {
            "__uuid__": "ecN75x6llNOoMrY0ZBOs5M"
          },
          "_N$target": {
            "__id__": 47
          }
        },
        {
          "__type__": "cc.Widget",
          "node": {
            "__id__": 47
          },
          "_alignFlags": 4,
          "_bottom": 60
        }
      ],
      "_contentSize": {
        "__type__": "cc.Size",
        "width": 253,
        "height": 86
      },
      "_position": {
        "__type__": "cc.Vec2",
        "x": 13,
        "y": -462
      }
    },
    {
      "__type__": "cc.Node",
      "_name": "closehigh",
      "_parent": {
        "__id__": 40
      },
      "_children": [
        {
          "__id__": 49
        }
      ],
      "_components": [
        {
          "__type__": "cc.Sprite",
          "node": {
            "__id__": 48
          },
          "_spriteFrame": {
            "__uuid__": "e32lPnQtdDUoXr2BmFnyEA"
          },
          "_type": 1,
          "_sizeMode": 0
        },
        {
          "__type__": "cc.Button",
          "node": {
            "__id__": 48
          },
          "transition": 2,
          "pressedColor": {
            "__type__": "cc.Color",
            "r": 255,
            "g": 255,
            "b": 255
          },
          "clickEvents": [
            {
              "__type__": "cc.ClickEvent",
              "target": {
                "__id__": 23
              },
              "component": "GameOver",
              "handler": "onCloseHigh"
            }
          ],
          "_N$normalColor": {
            "__type__": "cc.Color",
            "r": 255,
            "g": 255,
            "b": 255
          },
          "_N$disabledColor": {
            "__type__": "cc.Color",
            "r": 255,
            "g": 255,
            "b": 255
          },
          "_N$normalSprite": {
            "__uuid__": "e32lPnQtdDUoXr2BmFnyEA"
          },
          "_N$pressedSprite": {
            "__uuid__": "e32lPnQtdDUoXr2BmFnyEA"
          },
          "pressedSprite": {
            "__uuid__": "e32lPnQtdDUoXr2BmFnyEA"
          },
          "_N$hoverSprite": {
            "__uuid__": "e32lPnQtdDUoXr2BmFnyEA"
          },
          "hoverSprite": {
            "__uuid__": "e32lPnQtdDUoXr2BmFnyEA"
          },
          "_N$disabledSprite": {
            "__uuid__": "e32lPnQtdDUoXr2BmFnyEA"
          },
          "_N$target": {
            "__id__": 48
          }
        },
        {
          "__type__": "cc.Widget",
          "node": {
            "__id__": 48
          },
          "_alignFlags": 1,
          "_top": 10
        }
      ],
      "_contentSize": {
        "__type__": "cc.Size",
        "width": 78,
        "height": 78
      },
      "_position": {
        "__type__": "cc.Vec2",
        "x": -296,
        "y": 516
      }
    },
    {
      "__type__": "cc.Node",
      "_name": "Label",
      "_parent": {
        "__id__": 48
      },
      "_components": [
        {
          "__type__": "cc.Label",
          "node": {
            "__id__": 49
          },
          "_useOriginalSize": false,
          "_actualFontSize": 20,
          "_fontSize": 20,
          "_enableWrapText": false,
          "_N$string": "",
          "_N$horizontalAlign": 1,
          "_N$verticalAlign": 1,
          "_N$overflow": 1
        }
      ],
      "_color": {
        "__type__": "cc.Color"
      },
      "_contentSize": {
        "__type__": "cc.Size",
        "width": 100,
        "height": 40
      }
    }
  ],
  {
    "__type__": "cc.SpriteFrame",
    "content": {
      "name": "record_bg",
      "texture": "1cmbtZUyZE4rsguiIzAkJG",
      "rect": [
        0,
        0,
        720,
        1130
      ],
      "offset": [
        0,
        0
      ],
      "originalSize": [
        720,
        1130
      ]
    }
  },
  {
    "__type__": "cc.SpriteFrame",
    "content": {
      "name": "default_sprite_splash",
      "texture": "02delMVqdBD70a/HSD99FK",
      "rect": [
        0,
        0,
        2,
        2
      ],
      "offset": [
        0,
        0
      ],
      "originalSize": [
        2,
        2
      ]
    }
  }
]