[
  {
    "__type__": "cc.Prefab",
    "_name": "block",
    "data": {
      "__id__": 1
    },
    "asyncLoadAssets": null
  },
  {
    "__type__": "cc.Node",
    "_name": "block",
    "_children": [
      {
        "__id__": 2
      },
      {
        "__id__": 4
      }
    ],
    "_components": [
      {
        "__type__": "d189bRBtfJPq5rmxTZ6MLjM",
        "node": {
          "__id__": 1
        },
        "type": 10,
        "sp": {
          "__id__": 3
        },
        "numLable": {
          "__id__": 5
        }
      }
    ],
    "_prefab": {
      "__type__": "cc.PrefabInfo",
      "root": {
        "__id__": 1
      },
      "asset": {
        "__uuid__": "a8XdgDE9ROGa5LTBmmIVXZ"
      },
      "fileId": "3dUmhVM1xHJ52aOhjfwuui"
    },
    "_contentSize": {
      "__type__": "cc.Size",
      "width": 140,
      "height": 140
    }
  },
  {
    "__type__": "cc.Node",
    "_name": "sp",
    "_parent": {
      "__id__": 1
    },
    "_components": [
      {
        "__id__": 3
      }
    ],
    "_prefab": {
      "__type__": "cc.PrefabInfo",
      "root": {
        "__id__": 1
      },
      "asset": {
        "__uuid__": "a8XdgDE9ROGa5LTBmmIVXZ"
      },
      "fileId": "92/l6VsoRJu6dm92fAYZgj"
    },
    "_color": {
      "__type__": "cc.Color",
      "r": 250,
      "g": 250,
      "b": 250
    },
    "_contentSize": {
      "__type__": "cc.Size",
      "width": 138,
      "height": 138
    }
  },
  {
    "__type__": "cc.Sprite",
    "node": {
      "__id__": 2
    },
    "_sizeMode": 0
  },
  {
    "__type__": "cc.Node",
    "_name": "num",
    "_parent": {
      "__id__": 1
    },
    "_components": [
      {
        "__id__": 5
      },
      {
        "__type__": "cc.LabelOutline",
        "node": {
          "__id__": 4
        },
        "_color": {
          "__type__": "cc.Color"
        },
        "_width": 6
      }
    ],
    "_prefab": {
      "__type__": "cc.PrefabInfo",
      "root": {
        "__id__": 1
      },
      "asset": {
        "__uuid__": "a8XdgDE9ROGa5LTBmmIVXZ"
      },
      "fileId": "fc6f+97RRJG7fa3ZxkBo3Q"
    },
    "_contentSize": {
      "__type__": "cc.Size",
      "width": 54,
      "height": 80
    }
  },
  {
    "__type__": "cc.Label",
    "node": {
      "__id__": 4
    },
    "_useOriginalSize": false,
    "_actualFontSize": 80,
    "_fontSize": 80,
    "_lineHeight": 80,
    "_N$file": {
      "__uuid__": "d5TKuLqclAgoh8DM5akG9N"
    },
    "_isSystemFontUsed": false,
    "_N$string": "1",
    "_N$horizontalAlign": 1,
    "_N$verticalAlign": 1,
    "_N$fontFamily": "Arial Bold"
  }
]