[
  {
    "__type__": "cc.Prefab",
    "_name": "bar",
    "data": {
      "__id__": 1
    },
    "asyncLoadAssets": null
  },
  {
    "__type__": "cc.Node",
    "_name": "barrier",
    "_children": [
      {
        "__id__": 2
      }
    ],
    "_components": [
      {
        "__type__": "a998dotIOpJmZFwvtJU//xi",
        "node": {
          "__id__": 1
        },
        "type": 2,
        "sp": {
          "__id__": 3
        }
      }
    ],
    "_prefab": {
      "__type__": "cc.PrefabInfo",
      "root": {
        "__id__": 1
      },
      "asset": {
        "__uuid__": "89dMhonc1CO42I+Ki9keKS"
      },
      "fileId": "62yClmO9JBjZ0Pg9ZSf02y"
    },
    "_contentSize": {
      "__type__": "cc.Size",
      "width": 140,
      "height": 140
    }
  },
  {
    "__type__": "cc.Node",
    "_name": "sp",
    "_parent": {
      "__id__": 1
    },
    "_components": [
      {
        "__id__": 3
      },
      {
        "__type__": "cc.Widget",
        "node": {
          "__id__": 2
        },
        "_alignFlags": 32,
        "_right": -0.5
      }
    ],
    "_prefab": {
      "__type__": "cc.PrefabInfo",
      "root": {
        "__id__": 1
      },
      "asset": {
        "__uuid__": "89dMhonc1CO42I+Ki9keKS"
      },
      "fileId": "62OctTsM9A6aIBLMee0ti6"
    },
    "_contentSize": {
      "__type__": "cc.Size",
      "width": 7,
      "height": 140
    },
    "_position": {
      "__type__": "cc.Vec2",
      "x": 67,
      "y": -2.8
    }
  },
  {
    "__type__": "cc.Sprite",
    "node": {
      "__id__": 2
    },
    "_spriteFrame": {
      "__uuid__": "00FXajfcFFX62YU6R+wh3R"
    },
    "_sizeMode": 0
  }
]