{"__type__":"sp.SkeletonData","_name":"chutou_2","_rawFiles":["raw-skeleton.json"],"_skeletonJson":{"skeleton":{"fps":24,"hash":" ","name":"MovieClip"},"bones":[{"name":"root"},{"name":"chutou_2","parent":"root"}],"slots":[{"name":"chutou_2","bone":"chutou_2"}],"skins":{"default":{"chutou_2":{"chutou_2":{"name":"chutou_2","width":82,"height":66}}}},"animations":{"newAnimation":{"bones":{"chutou_2":{"translate":[{"time":0,"x":-7.49,"y":-20.76},{"time":0.125,"x":22.33,"y":9.67},{"time":0.25,"x":-7.49,"y":-20.76}],"rotate":[{"time":0,"angle":19.64},{"time":0.125,"angle":-22},{"time":0.25,"angle":19.64}],"shear":[{"time":0},{"time":0.125},{"time":0.25}]}},"slots":{"chutou_2":{"attachment":[{"time":0,"name":"chutou_2"}]}}}}},"_atlasText":"\r\nchutou_2.png\r\nsize: 85,69\r\nformat: RGBA8888\r\nfilter: Linear,Linear\r\nrepeat: none\r\nchutou_2\r\n  rotate: false\r\n  xy: 1, 1\r\n  size: 82, 66\r\n  orig: 82, 66\r\n  offset: 0, 0\r\n  index: -1\r\n","atlasUrl":{"__uuid__":"beRaLZml9OhIRAIAML4HRB"},"textures":[{"__uuid__":"5chd5GvJFDorF3pgWcDv84"}]}