[
  {
    "__type__": "cc.Prefab",
    "_name": "tank",
    "data": {
      "__id__": 1
    },
    "asyncLoadAssets": null
  },
  {
    "__type__": "cc.Node",
    "_name": "tank",
    "_children": [
      {
        "__id__": 2
      }
    ],
    "_components": [
      {
        "__type__": "cda5feLYV9O4rqaNhVvMJGO",
        "node": {
          "__id__": 1
        },
        "type": 0,
        "sp": {
          "__id__": 3
        }
      }
    ],
    "_prefab": {
      "__type__": "cc.PrefabInfo",
      "root": {
        "__id__": 1
      },
      "asset": {
        "__uuid__": "2fE2oJ4cBMx7KNLKQnz1Td"
      },
      "fileId": "90w6YAzn5Kl4GPQsP2hiNB"
    },
    "_contentSize": {
      "__type__": "cc.Size",
      "width": 70,
      "height": 70
    }
  },
  {
    "__type__": "cc.Node",
    "_name": "sp",
    "_parent": {
      "__id__": 1
    },
    "_components": [
      {
        "__id__": 3
      }
    ],
    "_prefab": {
      "__type__": "cc.PrefabInfo",
      "root": {
        "__id__": 1
      },
      "asset": {
        "__uuid__": "2fE2oJ4cBMx7KNLKQnz1Td"
      },
      "fileId": "6eJJAAKbJD8KKAloOYaxIq"
    },
    "_contentSize": {
      "__type__": "cc.Size",
      "width": 70,
      "height": 70
    }
  },
  {
    "__type__": "cc.Sprite",
    "node": {
      "__id__": 2
    },
    "_sizeMode": 2
  }
]