[
  {
    "__type__": "cc.Prefab",
    "_name": "msg",
    "data": {
      "__id__": 1
    },
    "asyncLoadAssets": null
  },
  {
    "__type__": "cc.Node",
    "_name": "msg",
    "_children": [
      {
        "__id__": 2
      }
    ],
    "_prefab": {
      "__type__": "cc.PrefabInfo",
      "root": {
        "__id__": 1
      },
      "asset": {
        "__id__": 0
      },
      "fileId": "46DoD2mG1PMZsKSSAla8Od"
    }
  },
  {
    "__type__": "cc.Node",
    "_name": "label",
    "_parent": {
      "__id__": 1
    },
    "_components": [
      {
        "__type__": "cc.Label",
        "node": {
          "__id__": 2
        },
        "_useOriginalSize": false,
        "_N$horizontalAlign": 1,
        "_N$verticalAlign": 1
      }
    ],
    "_prefab": {
      "__type__": "cc.PrefabInfo",
      "root": {
        "__id__": 1
      },
      "asset": {
        "__id__": 0
      },
      "fileId": "d3+0XhTGVECpufkejAnYqy"
    },
    "_contentSize": {
      "__type__": "cc.Size",
      "width": 98,
      "height": 40
    }
  }
]