{"__type__":"sp.SkeletonData","_name":"chanzi_1","_rawFiles":["raw-skeleton.json"],"_skeletonJson":{"skeleton":{"fps":24,"hash":" ","name":"MovieClip"},"bones":[{"name":"root"},{"name":"chanzi_1","parent":"root"}],"slots":[{"name":"chanzi_1","bone":"chanzi_1"}],"skins":{"default":{"chanzi_1":{"chanzi_1":{"name":"chanzi_1","width":71,"height":72}}}},"animations":{"newAnimation":{"bones":{"chanzi_1":{"translate":[{"time":0,"x":84.33,"y":8.55},{"time":0.125,"x":50.9,"y":-14.39},{"time":0.25,"x":84.33,"y":8.55}],"rotate":[{"time":0,"angle":0},{"time":0.125,"angle":-14.65},{"time":0.25,"angle":0}],"shear":[{"time":0},{"time":0.125},{"time":0.25}]}},"slots":{"chanzi_1":{"attachment":[{"time":0,"name":"chanzi_1"}]}}}}},"_atlasText":"\r\nchanzi_1.png\r\nsize: 74,75\r\nformat: RGBA8888\r\nfilter: Linear,Linear\r\nrepeat: none\r\nchanzi_1\r\n  rotate: false\r\n  xy: 1, 1\r\n  size: 71, 72\r\n  orig: 71, 72\r\n  offset: 0, 0\r\n  index: -1\r\n","atlasUrl":{"__uuid__":"42acRK42JKJbwWWGRTgaFw"},"textures":[{"__uuid__":"90G2pNHmpP4aiGgSoWVTyt"}]}