[
  {
    "__type__": "cc.SpriteFrame",
    "content": {
      "name": "default_btn_disabled",
      "texture": "71VhFCTINJM6/Ky3oX9nBT",
      "rect": [
        0,
        0,
        40,
        40
      ],
      "offset": [
        0,
        0
      ],
      "originalSize": [
        40,
        40
      ],
      "capInsets": [
        15,
        7,
        15,
        9
      ]
    }
  },
  {
    "__type__": "cc.SpriteFrame",
    "content": {
      "name": "bu_1001",
      "texture": "88JlPRxb5GFpDGsLyMQECC",
      "rect": [
        307,
        158,
        15,
        37
      ],
      "offset": [
        0,
        0
      ],
      "originalSize": [
        15,
        37
      ]
    }
  },
  [
    {
      "__type__": "cc.SceneAsset",
      "_name": "gamemenu",
      "scene": {
        "__id__": 1
      },
      "asyncLoadAssets": null
    },
    {
      "__type__": "cc.Scene",
      "_name": "New Node",
      "_children": [
        {
          "__id__": 2
        },
        {
          "__id__": 19
        },
        {
          "__id__": 21
        },
        {
          "__id__": 23
        },
        {
          "__id__": 25
        }
      ],
      "_anchorPoint": {
        "__type__": "cc.Vec2"
      },
      "autoReleaseAssets": false
    },
    {
      "__type__": "cc.Node",
      "_name": "Canvas",
      "_parent": {
        "__id__": 1
      },
      "_children": [
        {
          "__id__": 3
        },
        {
          "__id__": 4
        },
        {
          "__id__": 5
        },
        {
          "__id__": 6
        },
        {
          "__id__": 13
        },
        {
          "__id__": 15
        }
      ],
      "_components": [
        {
          "__type__": "cc.Canvas",
          "node": {
            "__id__": 2
          },
          "_designResolution": {
            "__type__": "cc.Size",
            "width": 720,
            "height": 1130
          },
          "_fitWidth": true,
          "_fitHeight": false
        },
        {
          "__type__": "cc.Widget",
          "node": {
            "__id__": 2
          },
          "_alignFlags": 45,
          "_originalWidth": 720,
          "_originalHeight": 1130
        },
        {
          "__type__": "eb67aDIYPJOOKodka4hVfp5",
          "node": {
            "__id__": 2
          },
          "historyLabel": {
            "__id__": 18
          },
          "startNode": {
            "__id__": 5
          }
        },
        {
          "__type__": "fb7d7LpRFdBj4W9JJM68e2T",
          "node": {
            "__id__": 2
          }
        }
      ],
      "_id": "689tM/yixMBL88PPTBOE/4",
      "_contentSize": {
        "__type__": "cc.Size",
        "width": 720,
        "height": 1130
      },
      "_position": {
        "__type__": "cc.Vec2",
        "x": 360,
        "y": 565
      }
    },
    {
      "__type__": "cc.Node",
      "_name": "sprite_splash",
      "_parent": {
        "__id__": 2
      },
      "_components": [
        {
          "__type__": "cc.Sprite",
          "node": {
            "__id__": 3
          },
          "_spriteFrame": {
            "__uuid__": "a2MjXRFdtLlYQ5ouAFv/+R"
          },
          "_sizeMode": 0
        },
        {
          "__type__": "cc.Widget",
          "node": {
            "__id__": 3
          },
          "_alignFlags": 45,
          "_originalWidth": 100,
          "_originalHeight": 100
        }
      ],
      "_color": {
        "__type__": "cc.Color",
        "r": 11,
        "g": 22,
        "b": 20
      },
      "_contentSize": {
        "__type__": "cc.Size",
        "width": 720,
        "height": 1130
      }
    },
    {
      "__type__": "cc.Node",
      "_name": "jiem_logo",
      "_parent": {
        "__id__": 2
      },
      "_components": [
        {
          "__type__": "cc.Sprite",
          "node": {
            "__id__": 4
          },
          "_spriteFrame": {
            "__uuid__": "2fs0XbG8VM96qbjO9mpR8y"
          }
        }
      ],
      "_contentSize": {
        "__type__": "cc.Size",
        "width": 405,
        "height": 425
      },
      "_position": {
        "__type__": "cc.Vec2",
        "y": 281
      }
    },
    {
      "__type__": "cc.Node",
      "_name": "start",
      "_parent": {
        "__id__": 2
      },
      "_components": [
        {
          "__type__": "cc.Label",
          "node": {
            "__id__": 5
          },
          "_useOriginalSize": false,
          "_actualFontSize": 55,
          "_fontSize": 55,
          "_lineHeight": 60,
          "_enableWrapText": false,
          "_N$string": "start",
          "_N$horizontalAlign": 1,
          "_N$verticalAlign": 1,
          "_N$overflow": 1
        }
      ],
      "_color": {
        "__type__": "cc.Color",
        "r": 245,
        "g": 245,
        "b": 245
      },
      "_contentSize": {
        "__type__": "cc.Size",
        "width": 300,
        "height": 120
      },
      "_position": {
        "__type__": "cc.Vec2",
        "y": -254
      }
    },
    {
      "__type__": "cc.Node",
      "_name": "ui",
      "_parent": {
        "__id__": 2
      },
      "_children": [
        {
          "__id__": 7
        },
        {
          "__id__": 8
        }
      ]
    },
    {
      "__type__": "cc.Node",
      "_name": "jiem_tanke",
      "_parent": {
        "__id__": 6
      },
      "_components": [
        {
          "__type__": "cc.Sprite",
          "node": {
            "__id__": 7
          },
          "_spriteFrame": {
            "__uuid__": "f3hx2jZQdN+aYtFPdLPoPH"
          },
          "_sizeMode": 2,
          "_isTrimmedMode": false
        }
      ],
      "_contentSize": {
        "__type__": "cc.Size",
        "width": 70,
        "height": 70
      },
      "_position": {
        "__type__": "cc.Vec2",
        "y": -162
      }
    },
    {
      "__type__": "cc.Node",
      "_name": "buillet",
      "_parent": {
        "__id__": 6
      },
      "_children": [
        {
          "__id__": 9
        },
        {
          "__id__": 10
        },
        {
          "__id__": 11
        },
        {
          "__id__": 12
        }
      ]
    },
    {
      "__type__": "cc.Node",
      "_name": "jiem_zidan",
      "_parent": {
        "__id__": 8
      },
      "_components": [
        {
          "__type__": "cc.Sprite",
          "node": {
            "__id__": 9
          },
          "_spriteFrame": {
            "__uuid__": "33mwStsnhFGbWyuFd0pGiS"
          },
          "_sizeMode": 2
        }
      ],
      "_contentSize": {
        "__type__": "cc.Size",
        "width": 15,
        "height": 37
      },
      "_position": {
        "__type__": "cc.Vec2",
        "y": 19
      }
    },
    {
      "__type__": "cc.Node",
      "_name": "jiem_zidan",
      "_parent": {
        "__id__": 8
      },
      "_components": [
        {
          "__type__": "cc.Sprite",
          "node": {
            "__id__": 10
          },
          "_spriteFrame": {
            "__uuid__": "33mwStsnhFGbWyuFd0pGiS"
          },
          "_sizeMode": 2
        }
      ],
      "_contentSize": {
        "__type__": "cc.Size",
        "width": 15,
        "height": 37
      },
      "_position": {
        "__type__": "cc.Vec2",
        "x": 12,
        "y": -25
      }
    },
    {
      "__type__": "cc.Node",
      "_name": "jiem_zidan",
      "_parent": {
        "__id__": 8
      },
      "_components": [
        {
          "__type__": "cc.Sprite",
          "node": {
            "__id__": 11
          },
          "_spriteFrame": {
            "__uuid__": "33mwStsnhFGbWyuFd0pGiS"
          },
          "_sizeMode": 2
        }
      ],
      "_contentSize": {
        "__type__": "cc.Size",
        "width": 15,
        "height": 37
      },
      "_position": {
        "__type__": "cc.Vec2",
        "x": -16,
        "y": -50
      }
    },
    {
      "__type__": "cc.Node",
      "_name": "jiem_zidan",
      "_parent": {
        "__id__": 8
      },
      "_components": [
        {
          "__type__": "cc.Sprite",
          "node": {
            "__id__": 12
          },
          "_spriteFrame": {
            "__uuid__": "33mwStsnhFGbWyuFd0pGiS"
          },
          "_sizeMode": 2
        }
      ],
      "_contentSize": {
        "__type__": "cc.Size",
        "width": 15,
        "height": 37
      },
      "_position": {
        "__type__": "cc.Vec2",
        "y": -91
      }
    },
    {
      "__type__": "cc.Node",
      "_name": "share",
      "_parent": {
        "__id__": 2
      },
      "_children": [
        {
          "__id__": 14
        }
      ],
      "_components": [
        {
          "__type__": "cc.Sprite",
          "node": {
            "__id__": 13
          },
          "_spriteFrame": {
            "__uuid__": "ecN75x6llNOoMrY0ZBOs5M"
          },
          "_type": 1,
          "_sizeMode": 0
        },
        {
          "__type__": "cc.Button",
          "node": {
            "__id__": 13
          },
          "transition": 2,
          "pressedColor": {
            "__type__": "cc.Color",
            "r": 255,
            "g": 255,
            "b": 255
          },
          "clickEvents": [
            {
              "__type__": "cc.ClickEvent",
              "target": {
                "__id__": 2
              },
              "component": "gamemenu",
              "handler": "onShare"
            }
          ],
          "_N$normalColor": {
            "__type__": "cc.Color",
            "r": 255,
            "g": 255,
            "b": 255
          },
          "_N$disabledColor": {
            "__type__": "cc.Color",
            "r": 255,
            "g": 255,
            "b": 255
          },
          "_N$normalSprite": {
            "__uuid__": "ecN75x6llNOoMrY0ZBOs5M"
          },
          "_N$pressedSprite": {
            "__uuid__": "ecN75x6llNOoMrY0ZBOs5M"
          },
          "pressedSprite": {
            "__uuid__": "ecN75x6llNOoMrY0ZBOs5M"
          },
          "_N$hoverSprite": {
            "__uuid__": "ecN75x6llNOoMrY0ZBOs5M"
          },
          "hoverSprite": {
            "__uuid__": "ecN75x6llNOoMrY0ZBOs5M"
          },
          "_N$disabledSprite": {
            "__uuid__": "ecN75x6llNOoMrY0ZBOs5M"
          },
          "_N$target": {
            "__id__": 13
          }
        }
      ],
      "_contentSize": {
        "__type__": "cc.Size",
        "width": 253,
        "height": 86
      },
      "_position": {
        "__type__": "cc.Vec2",
        "x": 13,
        "y": -436
      }
    },
    {
      "__type__": "cc.Node",
      "_name": "Label",
      "_parent": {
        "__id__": 13
      },
      "_components": [
        {
          "__type__": "cc.Label",
          "node": {
            "__id__": 14
          },
          "_useOriginalSize": false,
          "_actualFontSize": 20,
          "_fontSize": 20,
          "_enableWrapText": false,
          "_N$string": "",
          "_N$horizontalAlign": 1,
          "_N$verticalAlign": 1,
          "_N$overflow": 1
        }
      ],
      "_color": {
        "__type__": "cc.Color"
      },
      "_contentSize": {
        "__type__": "cc.Size",
        "width": 100,
        "height": 40
      }
    },
    {
      "__type__": "cc.Node",
      "_name": "history",
      "_parent": {
        "__id__": 2
      },
      "_children": [
        {
          "__id__": 16
        },
        {
          "__id__": 17
        }
      ],
      "_position": {
        "__type__": "cc.Vec2",
        "y": -344
      }
    },
    {
      "__type__": "cc.Node",
      "_name": "jiem_icon",
      "_parent": {
        "__id__": 15
      },
      "_components": [
        {
          "__type__": "cc.Sprite",
          "node": {
            "__id__": 16
          },
          "_spriteFrame": {
            "__uuid__": "20QBrQzYBJWp/Z0G83tZl0"
          }
        }
      ],
      "_contentSize": {
        "__type__": "cc.Size",
        "width": 41,
        "height": 39
      },
      "_position": {
        "__type__": "cc.Vec2",
        "x": -50
      }
    },
    {
      "__type__": "cc.Node",
      "_name": "number",
      "_parent": {
        "__id__": 15
      },
      "_components": [
        {
          "__id__": 18
        }
      ],
      "_anchorPoint": {
        "__type__": "cc.Vec2",
        "y": 0.5
      },
      "_contentSize": {
        "__type__": "cc.Size",
        "width": 31,
        "height": 50
      },
      "_position": {
        "__type__": "cc.Vec2",
        "x": 8
      }
    },
    {
      "__type__": "cc.Label",
      "node": {
        "__id__": 17
      },
      "_useOriginalSize": false,
      "_actualFontSize": 55,
      "_fontSize": 55,
      "_lineHeight": 50,
      "_N$string": "0",
      "_N$verticalAlign": 1
    },
    {
      "__type__": "cc.Node",
      "_name": "button",
      "_parent": {
        "__id__": 1
      },
      "_children": [
        {
          "__id__": 20
        }
      ],
      "_components": [
        {
          "__type__": "cc.Sprite",
          "node": {
            "__id__": 19
          },
          "_spriteFrame": {
            "__uuid__": "f0BIwQ8D5Ml7nTNQbh1YlS"
          },
          "_type": 1,
          "_sizeMode": 0
        },
        {
          "__type__": "cc.Button",
          "node": {
            "__id__": 19
          },
          "transition": 2,
          "pressedColor": {
            "__type__": "cc.Color",
            "r": 255,
            "g": 255,
            "b": 255
          },
          "clickEvents": [
            {
              "__type__": "cc.ClickEvent",
              "target": {
                "__id__": 2
              },
              "component": "testFB",
              "handler": "oncreateShortCut"
            }
          ],
          "_N$normalColor": {
            "__type__": "cc.Color",
            "r": 255,
            "g": 255,
            "b": 255
          },
          "_N$disabledColor": {
            "__type__": "cc.Color",
            "r": 255,
            "g": 255,
            "b": 255
          },
          "_N$normalSprite": {
            "__uuid__": "f0BIwQ8D5Ml7nTNQbh1YlS"
          },
          "_N$pressedSprite": {
            "__uuid__": "e97GVMl6JHh5Ml5qEDdSGa"
          },
          "pressedSprite": {
            "__uuid__": "e97GVMl6JHh5Ml5qEDdSGa"
          },
          "_N$hoverSprite": {
            "__uuid__": "e97GVMl6JHh5Ml5qEDdSGa"
          },
          "hoverSprite": {
            "__uuid__": "e97GVMl6JHh5Ml5qEDdSGa"
          },
          "_N$disabledSprite": {
            "__uuid__": "29FYIk+N1GYaeWH/q1NxQO"
          },
          "_N$target": {
            "__id__": 19
          }
        }
      ],
      "_id": "1clg2bwU9EcJ4muDip6znX",
      "_contentSize": {
        "__type__": "cc.Size",
        "width": 100,
        "height": 40
      },
      "_position": {
        "__type__": "cc.Vec2",
        "x": 598,
        "y": 369
      }
    },
    {
      "__type__": "cc.Node",
      "_name": "Label",
      "_parent": {
        "__id__": 19
      },
      "_components": [
        {
          "__type__": "cc.Label",
          "node": {
            "__id__": 20
          },
          "_useOriginalSize": false,
          "_actualFontSize": 20,
          "_fontSize": 20,
          "_enableWrapText": false,
          "_N$string": "short",
          "_N$horizontalAlign": 1,
          "_N$verticalAlign": 1,
          "_N$overflow": 1
        }
      ],
      "_color": {
        "__type__": "cc.Color"
      },
      "_contentSize": {
        "__type__": "cc.Size",
        "width": 100,
        "height": 40
      }
    },
    {
      "__type__": "cc.Node",
      "_name": "button",
      "_parent": {
        "__id__": 1
      },
      "_children": [
        {
          "__id__": 22
        }
      ],
      "_components": [
        {
          "__type__": "cc.Sprite",
          "node": {
            "__id__": 21
          },
          "_spriteFrame": {
            "__uuid__": "f0BIwQ8D5Ml7nTNQbh1YlS"
          },
          "_type": 1,
          "_sizeMode": 0
        },
        {
          "__type__": "cc.Button",
          "node": {
            "__id__": 21
          },
          "transition": 2,
          "pressedColor": {
            "__type__": "cc.Color",
            "r": 255,
            "g": 255,
            "b": 255
          },
          "clickEvents": [
            {
              "__type__": "cc.ClickEvent",
              "target": {
                "__id__": 2
              },
              "component": "testFB",
              "handler": "onUpdateAsync"
            }
          ],
          "_N$normalColor": {
            "__type__": "cc.Color",
            "r": 255,
            "g": 255,
            "b": 255
          },
          "_N$disabledColor": {
            "__type__": "cc.Color",
            "r": 255,
            "g": 255,
            "b": 255
          },
          "_N$normalSprite": {
            "__uuid__": "f0BIwQ8D5Ml7nTNQbh1YlS"
          },
          "_N$pressedSprite": {
            "__uuid__": "e97GVMl6JHh5Ml5qEDdSGa"
          },
          "pressedSprite": {
            "__uuid__": "e97GVMl6JHh5Ml5qEDdSGa"
          },
          "_N$hoverSprite": {
            "__uuid__": "e97GVMl6JHh5Ml5qEDdSGa"
          },
          "hoverSprite": {
            "__uuid__": "e97GVMl6JHh5Ml5qEDdSGa"
          },
          "_N$disabledSprite": {
            "__uuid__": "29FYIk+N1GYaeWH/q1NxQO"
          },
          "_N$target": {
            "__id__": 21
          }
        }
      ],
      "_id": "6fTS0DBj5OGrBHLNEFNJVc",
      "_contentSize": {
        "__type__": "cc.Size",
        "width": 100,
        "height": 40
      },
      "_position": {
        "__type__": "cc.Vec2",
        "x": 598,
        "y": 488
      }
    },
    {
      "__type__": "cc.Node",
      "_name": "Label",
      "_parent": {
        "__id__": 21
      },
      "_components": [
        {
          "__type__": "cc.Label",
          "node": {
            "__id__": 22
          },
          "_useOriginalSize": false,
          "_actualFontSize": 20,
          "_fontSize": 20,
          "_enableWrapText": false,
          "_N$string": "update",
          "_N$horizontalAlign": 1,
          "_N$verticalAlign": 1,
          "_N$overflow": 1
        }
      ],
      "_color": {
        "__type__": "cc.Color"
      },
      "_contentSize": {
        "__type__": "cc.Size",
        "width": 100,
        "height": 40
      }
    },
    {
      "__type__": "cc.Node",
      "_name": "button",
      "_parent": {
        "__id__": 1
      },
      "_children": [
        {
          "__id__": 24
        }
      ],
      "_components": [
        {
          "__type__": "cc.Sprite",
          "node": {
            "__id__": 23
          },
          "_spriteFrame": {
            "__uuid__": "f0BIwQ8D5Ml7nTNQbh1YlS"
          },
          "_type": 1,
          "_sizeMode": 0
        },
        {
          "__type__": "cc.Button",
          "node": {
            "__id__": 23
          },
          "transition": 2,
          "pressedColor": {
            "__type__": "cc.Color",
            "r": 255,
            "g": 255,
            "b": 255
          },
          "clickEvents": [
            {
              "__type__": "cc.ClickEvent",
              "target": {
                "__id__": 2
              },
              "component": "testFB",
              "handler": "onHightShare"
            }
          ],
          "_N$normalColor": {
            "__type__": "cc.Color",
            "r": 255,
            "g": 255,
            "b": 255
          },
          "_N$disabledColor": {
            "__type__": "cc.Color",
            "r": 255,
            "g": 255,
            "b": 255
          },
          "_N$normalSprite": {
            "__uuid__": "f0BIwQ8D5Ml7nTNQbh1YlS"
          },
          "_N$pressedSprite": {
            "__uuid__": "e97GVMl6JHh5Ml5qEDdSGa"
          },
          "pressedSprite": {
            "__uuid__": "e97GVMl6JHh5Ml5qEDdSGa"
          },
          "_N$hoverSprite": {
            "__uuid__": "e97GVMl6JHh5Ml5qEDdSGa"
          },
          "hoverSprite": {
            "__uuid__": "e97GVMl6JHh5Ml5qEDdSGa"
          },
          "_N$disabledSprite": {
            "__uuid__": "29FYIk+N1GYaeWH/q1NxQO"
          },
          "_N$target": {
            "__id__": 23
          }
        }
      ],
      "_id": "f9rNMQs7RD+50aDoRID6rD",
      "_contentSize": {
        "__type__": "cc.Size",
        "width": 100,
        "height": 40
      },
      "_position": {
        "__type__": "cc.Vec2",
        "x": 598,
        "y": 585
      }
    },
    {
      "__type__": "cc.Node",
      "_name": "Label",
      "_parent": {
        "__id__": 23
      },
      "_components": [
        {
          "__type__": "cc.Label",
          "node": {
            "__id__": 24
          },
          "_useOriginalSize": false,
          "_actualFontSize": 20,
          "_fontSize": 20,
          "_enableWrapText": false,
          "_N$string": "high",
          "_N$horizontalAlign": 1,
          "_N$verticalAlign": 1,
          "_N$overflow": 1
        }
      ],
      "_color": {
        "__type__": "cc.Color"
      },
      "_contentSize": {
        "__type__": "cc.Size",
        "width": 100,
        "height": 40
      }
    },
    {
      "__type__": "cc.Node",
      "_name": "button",
      "_parent": {
        "__id__": 1
      },
      "_children": [
        {
          "__id__": 26
        }
      ],
      "_components": [
        {
          "__type__": "cc.Sprite",
          "node": {
            "__id__": 25
          },
          "_spriteFrame": {
            "__uuid__": "f0BIwQ8D5Ml7nTNQbh1YlS"
          },
          "_type": 1,
          "_sizeMode": 0
        },
        {
          "__type__": "cc.Button",
          "node": {
            "__id__": 25
          },
          "transition": 2,
          "pressedColor": {
            "__type__": "cc.Color",
            "r": 255,
            "g": 255,
            "b": 255
          },
          "clickEvents": [
            {
              "__type__": "cc.ClickEvent",
              "target": {
                "__id__": 2
              },
              "component": "testFB",
              "handler": "onChooseAsync"
            }
          ],
          "_N$normalColor": {
            "__type__": "cc.Color",
            "r": 255,
            "g": 255,
            "b": 255
          },
          "_N$disabledColor": {
            "__type__": "cc.Color",
            "r": 255,
            "g": 255,
            "b": 255
          },
          "_N$normalSprite": {
            "__uuid__": "f0BIwQ8D5Ml7nTNQbh1YlS"
          },
          "_N$pressedSprite": {
            "__uuid__": "e97GVMl6JHh5Ml5qEDdSGa"
          },
          "pressedSprite": {
            "__uuid__": "e97GVMl6JHh5Ml5qEDdSGa"
          },
          "_N$hoverSprite": {
            "__uuid__": "e97GVMl6JHh5Ml5qEDdSGa"
          },
          "hoverSprite": {
            "__uuid__": "e97GVMl6JHh5Ml5qEDdSGa"
          },
          "_N$disabledSprite": {
            "__uuid__": "29FYIk+N1GYaeWH/q1NxQO"
          },
          "_N$target": {
            "__id__": 25
          }
        }
      ],
      "_id": "08ysDL0KBEmYMszcmGSec2",
      "_contentSize": {
        "__type__": "cc.Size",
        "width": 100,
        "height": 40
      },
      "_position": {
        "__type__": "cc.Vec2",
        "x": 598,
        "y": 662
      }
    },
    {
      "__type__": "cc.Node",
      "_name": "Label",
      "_parent": {
        "__id__": 25
      },
      "_components": [
        {
          "__type__": "cc.Label",
          "node": {
            "__id__": 26
          },
          "_useOriginalSize": false,
          "_actualFontSize": 20,
          "_fontSize": 20,
          "_enableWrapText": false,
          "_N$string": "choose",
          "_N$horizontalAlign": 1,
          "_N$verticalAlign": 1,
          "_N$overflow": 1
        }
      ],
      "_color": {
        "__type__": "cc.Color"
      },
      "_contentSize": {
        "__type__": "cc.Size",
        "width": 100,
        "height": 40
      }
    }
  ],
  {
    "__type__": "cc.SpriteFrame",
    "content": {
      "name": "default_sprite_splash",
      "texture": "02delMVqdBD70a/HSD99FK",
      "rect": [
        0,
        0,
        2,
        2
      ],
      "offset": [
        0,
        0
      ],
      "originalSize": [
        2,
        2
      ]
    }
  },
  {
    "__type__": "cc.SpriteFrame",
    "content": {
      "name": "default_btn_pressed",
      "texture": "b4P/PCArtIdIH38t6mlw8Y",
      "rect": [
        0,
        0,
        40,
        40
      ],
      "offset": [
        0,
        0
      ],
      "originalSize": [
        40,
        40
      ],
      "capInsets": [
        11,
        11,
        11,
        7
      ]
    }
  },
  {
    "__type__": "cc.SpriteFrame",
    "content": {
      "name": "default_btn_normal",
      "texture": "e8Ueib+qJEhL6mXAHdnwbi",
      "rect": [
        0,
        0,
        40,
        40
      ],
      "offset": [
        0,
        0
      ],
      "originalSize": [
        40,
        40
      ],
      "capInsets": [
        8,
        11,
        7,
        9
      ]
    }
  },
  {
    "__type__": "cc.SpriteFrame",
    "content": {
      "name": "t_1001",
      "texture": "88JlPRxb5GFpDGsLyMQECC",
      "rect": [
        144,
        156,
        68,
        68
      ],
      "offset": [
        0,
        1
      ],
      "originalSize": [
        70,
        70
      ]
    }
  }
]