{"__type__":"sp.SkeletonData","_name":"dianzuan_1","_rawFiles":["raw-skeleton.json"],"_skeletonJson":{"skeleton":{"width":80.69,"height":73.55,"fps":24,"hash":" ","name":"Armature"},"bones":[{"name":"root"},{"length":58,"x":13.05,"y":37,"rotation":-128.5606,"name":"dianzuan_1","parent":"root"},{"length":22,"x":-24.1208,"y":-9.6988,"rotation":-134.0107,"name":"dianzuan_2","parent":"root"}],"slots":[{"name":"dianzuan_2","bone":"dianzuan_1","attachment":"dianzuan_2"},{"name":"dianzuan_1","bone":"dianzuan_1","attachment":"dianzuan_1"}],"skins":{"default":{"dianzuan_2":{"dianzuan_2":{"name":"dianzuan_2","width":32,"height":24,"hull":11,"triangles":[1,5,4,1,4,3,2,1,3,1,6,5,8,6,1,8,7,6,0,10,1,10,9,1,9,8,1],"uvs":[0.64687,0,0.68906,0.13333,0.95781,0.16042,1,0.24792,1,0.68542,0.83906,0.9125,0.70937,1,0,1,0,0.43958,0.06719,0.1625,0.18594,0],"edges":[0,2,2,4,4,6,6,8,8,10,10,12,12,14,14,16,16,18,18,20,20,0],"vertices":[1,2,-6.31,-0.88,1,1,2,-4.95,2.31,1,1,2,-10.45,8.95,1,1,2,-9.88,11.38,1,1,2,-2.33,18.68,1,1,2,5.17,18.76,1,1,2,9.56,17.23,1,1,2,25.33,0.91,1,1,2,15.66,-8.44,1,1,2,9.38,-11.51,1,1,2,3.94,-11.49,1],"type":"mesh"}},"dianzuan_1":{"dianzuan_1":{"name":"dianzuan_1","width":80,"height":56,"hull":17,"triangles":[7,6,5,7,5,4,2,7,4,3,2,4,1,0,2,0,7,2,15,8,7,0,16,7,16,15,7,15,10,8,10,9,8,14,13,15,13,12,15,12,10,15,12,11,10],"uvs":[0.77625,0,0.935,0.30446,0.92688,0.35804,0.96813,0.35804,1,0.42768,1,0.57768,0.96687,0.64018,0.88438,0.64018,0.63062,1,0.1475,0.99643,0.065,0.62768,0.02687,0.62768,0,0.5375,0,0.33393,0.0325,0.28482,0.15,0.28482,0.27687,0],"edges":[0,2,2,4,4,6,6,8,8,10,10,12,12,14,14,16,16,18,18,20,20,22,22,24,24,26,26,28,28,30,30,32,32,0],"vertices":[1,1,-11.9,2.09,1,1,1,-6.48,22.65,1,1,1,-3.73,24.01,1,1,1,-5.79,26.59,1,1,1,-4.33,31.02,1,1,1,2.24,36.25,1,1,1,6.63,36.36,1,1,1,10.74,31.2,1,1,1,39.15,27.89,1,1,1,63.09,-2.46,1,1,1,51.06,-20.49,1,1,1,52.96,-22.88,1,1,1,50.35,-27.71,1,1,1,41.44,-34.81,1,1,1,37.66,-34.49,1,1,1,31.8,-27.14,1,1,1,13.01,-29.15,1],"type":"mesh"}}}},"animations":{"newAnimation":{"bones":{"root":{"translate":[{"time":0,"x":19.59,"y":7.13},{"time":0.0833,"x":17.52,"y":4.79},{"time":0.125,"x":19.59,"y":7.13}]},"dianzuan_2":{"translate":[{"time":0,"x":-0.57},{"time":0.0417,"x":1.31,"y":1.43},{"time":0.0834,"x":-0.57}],"scale":[{"time":0,"x":1.01,"y":1},{"time":0.0417,"x":0.92,"y":1},{"time":0.0834,"x":1.01,"y":1}]}}}}},"_atlasText":"\ndianzuan_1.png\nsize: 117,59\nformat: RGBA8888\nfilter: Linear,Linear\nrepeat: none\ndianzuan_2\n  rotate: false\n  xy: 83, 1\n  size: 32, 24\n  orig: 32, 24\n  offset: 0, 0\n  index: -1\ndianzuan_1\n  rotate: false\n  xy: 1, 1\n  size: 80, 56\n  orig: 80, 56\n  offset: 0, 0\n  index: -1\n","atlasUrl":{"__uuid__":"67KOGxWxFKD4/sxxSMif0l"},"textures":[{"__uuid__":"4bqx+4RAhO1quGlAt+mAmn"}]}