{"__type__":"sp.SkeletonData","_name":"chanzi_2","_rawFiles":["raw-skeleton.json"],"_skeletonJson":{"skeleton":{"fps":24,"hash":" ","name":"MovieClip"},"bones":[{"name":"root"},{"name":"chanzi_2","parent":"root"}],"slots":[{"name":"chanzi_2","bone":"chanzi_2"}],"skins":{"default":{"chanzi_2":{"chanzi_2":{"name":"chanzi_2","width":71,"height":72}}}},"animations":{"newAnimation":{"bones":{"chanzi_2":{"translate":[{"time":0,"x":84.33,"y":8.55},{"time":0.125,"x":52.62,"y":-13.6},{"time":0.25,"x":84.33,"y":8.55}],"rotate":[{"time":0,"angle":0},{"time":0.125,"angle":-9.11},{"time":0.25,"angle":0}],"shear":[{"time":0},{"time":0.125},{"time":0.25}]}},"slots":{"chanzi_2":{"attachment":[{"time":0,"name":"chanzi_2"}]}}}}},"_atlasText":"\nchanzi_2.png\nsize: 74,75\nformat: RGBA8888\nfilter: Linear,Linear\nrepeat: none\nchanzi_2\n  rotate: false\n  xy: 1, 1\n  size: 71, 72\n  orig: 71, 72\n  offset: 0, 0\n  index: -1\n","atlasUrl":{"__uuid__":"cdC0sqJ3JHSJKUQSKcObDk"},"textures":[{"__uuid__":"ffZevlOLFKvJf9y8Lc7wPr"}]}