{"__type__":"sp.SkeletonData","_name":"chutou_3","_rawFiles":["raw-skeleton.json"],"_skeletonJson":{"skeleton":{"fps":24,"hash":" ","name":"MovieClip"},"bones":[{"name":"root"},{"name":"chutou_3","parent":"root"}],"slots":[{"name":"chutou_3","bone":"chutou_3"}],"skins":{"default":{"chutou_3":{"chutou_3":{"name":"chutou_3","width":87,"height":66}}}},"animations":{"newAnimation":{"bones":{"chutou_3":{"translate":[{"time":0,"x":-7.49,"y":-20.76},{"time":0.125,"x":22.33,"y":9.67},{"time":0.25,"x":-7.49,"y":-20.76}],"rotate":[{"time":0,"angle":19.64},{"time":0.125,"angle":-22},{"time":0.25,"angle":19.64}],"shear":[{"time":0},{"time":0.125},{"time":0.25}]}},"slots":{"chutou_3":{"attachment":[{"time":0,"name":"chutou_3"}]}}}}},"_atlasText":"\nchutou_3.png\nsize: 90,69\nformat: RGBA8888\nfilter: Linear,Linear\nrepeat: none\nchutou_3\n  rotate: false\n  xy: 1, 1\n  size: 87, 66\n  orig: 87, 66\n  offset: 0, 0\n  index: -1\n","atlasUrl":{"__uuid__":"34O5YQMV1Ov7lPWkW8w0Qd"},"textures":[{"__uuid__":"29aM+95wdIxIeKd3FagXUL"}]}