{"__type__":"sp.SkeletonData","_name":"box-silver","_rawFiles":["raw-skeleton.json"],"_skeletonJson":{"skeleton":{"fps":24,"hash":" ","name":"MovieClip"},"bones":[{"name":"root"},{"name":"1","parent":"root"},{"name":"2","parent":"root"},{"name":"3","parent":"root"}],"slots":[{"name":"1","bone":"1"},{"name":"2","bone":"2"},{"name":"3","bone":"3"}],"skins":{"default":{"1":{"1":{"name":"1","width":120,"height":111}},"2":{"2":{"name":"2","width":115,"height":71}},"3":{"3":{"name":"3","width":120,"height":60}}}},"animations":{"newAnimation":{"bones":{"1":{"rotate":[{"time":0,"angle":0},{"time":0.5833,"angle":0},{"time":0.625,"angle":8},{"time":0.7083,"angle":-8},{"time":0.7916,"angle":8},{"time":0.8749,"angle":-8},{"time":0.9582,"angle":8},{"time":0.9999,"angle":0}],"scale":[{"time":0,"x":0.6,"y":0.6},{"time":0.5833,"x":1,"y":1},{"time":1,"x":1,"y":1},{"time":1.0417,"x":0.5,"y":0.5},{"time":1.125,"x":1,"y":1}],"shear":[{"time":0},{"time":0.5833},{"time":0.625},{"time":0.7083},{"time":0.7916},{"time":0.8749},{"time":0.9582},{"time":0.9999}]},"2":{"translate":[{"time":0,"x":-0.68,"y":39.77}]},"3":{"translate":[{"time":0,"y":-25.18}]}},"slots":{"1":{"attachment":[{"time":0,"name":"1"}],"color":[{"time":0,"color":"FFFFFFFF"},{"time":1.0417,"color":"FFFFFFFF"},{"time":1.125,"color":"FFFFFF00"}]},"2":{"attachment":[{"time":0,"name":"2"}],"color":[{"time":0,"curve":"stepped","color":"FFFFFF00"},{"time":1.125,"color":"FFFFFFFF"}]},"3":{"attachment":[{"time":0,"name":"3"}],"color":[{"time":0,"curve":"stepped","color":"FFFFFF00"},{"time":1.125,"color":"FFFFFFFF"}]}}}}},"_atlasText":"\r\nbox-silver.png\r\nsize: 123,249\r\nformat: RGBA8888\r\nfilter: Linear,Linear\r\nrepeat: none\r\n1\r\n  rotate: false\r\n  xy: 1, 1\r\n  size: 120, 111\r\n  orig: 120, 111\r\n  offset: 0, 0\r\n  index: -1\r\n2\r\n  rotate: false\r\n  xy: 1, 114\r\n  size: 115, 71\r\n  orig: 115, 71\r\n  offset: 0, 0\r\n  index: -1\r\n3\r\n  rotate: false\r\n  xy: 1, 187\r\n  size: 120, 60\r\n  orig: 120, 60\r\n  offset: 0, 0\r\n  index: -1\r\n","atlasUrl":{"__uuid__":"07WkCwDVpN2YdQSi2LTXDM"},"textures":[{"__uuid__":"035BKMJ21IhbnF+kNlP4rz"}]}