{"__type__":"sp.SkeletonData","_name":"chuizi_1","_rawFiles":["raw-skeleton.json"],"_skeletonJson":{"skeleton":{"fps":24,"hash":" ","name":"MovieClip"},"bones":[{"name":"root"},{"name":"chuizi_1","parent":"root"}],"slots":[{"name":"chuizi_1","bone":"chuizi_1"}],"skins":{"default":{"chuizi_1":{"chuizi_1":{"name":"chuizi_1","width":66,"height":72}}}},"animations":{"newAnimation":{"bones":{"chuizi_1":{"translate":[{"time":0,"x":-7.49,"y":-20.76},{"time":0.125,"x":22.33,"y":9.67},{"time":0.25,"x":-7.49,"y":-20.76}],"rotate":[{"time":0,"angle":19.64},{"time":0.125,"angle":-22},{"time":0.25,"angle":19.64}],"shear":[{"time":0},{"time":0.125},{"time":0.25}]}},"slots":{"chuizi_1":{"attachment":[{"time":0,"name":"chuizi_1"}]}}}}},"_atlasText":"\nchuizi_2.png\nsize: 69,75\nformat: RGBA8888\nfilter: Linear,Linear\nrepeat: none\nchuizi_1\n  rotate: false\n  xy: 1, 1\n  size: 66, 72\n  orig: 66, 72\n  offset: 0, 0\n  index: -1\n","atlasUrl":{"__uuid__":"152eVhJCJIsJjG6lku5sEh"},"textures":[{"__uuid__":"4frtXTAiNCdbVS60EljWtH"}]}