{"__type__":"sp.SkeletonData","_name":"chuizi_2","_rawFiles":["raw-skeleton.json"],"_skeletonJson":{"skeleton":{"fps":24,"hash":" ","name":"MovieClip"},"bones":[{"name":"root"},{"name":"newLayer","parent":"root"}],"slots":[{"name":"newLayer","bone":"newLayer"}],"skins":{"default":{"newLayer":{"chuizi_2":{"name":"chuizi_2","width":68,"height":75}}}},"animations":{"newAnimation":{"bones":{"newLayer":{"translate":[{"time":0,"x":-7.49,"y":-20.76},{"time":0.125,"x":22.33,"y":9.67},{"time":0.25,"x":-7.49,"y":-20.76}],"rotate":[{"time":0,"angle":19.64},{"time":0.125,"angle":-22},{"time":0.25,"angle":19.64}],"shear":[{"time":0},{"time":0.125},{"time":0.25}]}},"slots":{"newLayer":{"attachment":[{"time":0,"name":"chuizi_2"}]}}}}},"_atlasText":"\nchuizi_2.png\nsize: 71,78\nformat: RGBA8888\nfilter: Linear,Linear\nrepeat: none\nchuizi_2\n  rotate: false\n  xy: 1, 1\n  size: 68, 75\n  orig: 68, 75\n  offset: 0, 0\n  index: -1\n","atlasUrl":{"__uuid__":"36I3yMgNJBvbcPk53OxywH"},"textures":[{"__uuid__":"4frtXTAiNCdbVS60EljWtH"}]}