[
  {
    "__type__": "cc.Prefab",
    "_name": "item",
    "data": {
      "__id__": 1
    },
    "asyncLoadAssets": null
  },
  {
    "__type__": "cc.Node",
    "_name": "item",
    "_children": [
      {
        "__id__": 2
      },
      {
        "__id__": 4
      }
    ],
    "_components": [
      {
        "__type__": "0e89aJnntROebySmYBE0MWC",
        "node": {
          "__id__": 1
        },
        "type": 30,
        "sp": {
          "__id__": 5
        },
        "label": {
          "__id__": 3
        }
      }
    ],
    "_prefab": {
      "__type__": "cc.PrefabInfo",
      "root": {
        "__id__": 1
      },
      "asset": {
        "__uuid__": "f8d+nbDFdPhbxxbvElJNVX"
      },
      "fileId": "3dUmhVM1xHJ52aOhjfwuui"
    },
    "_contentSize": {
      "__type__": "cc.Size",
      "width": 140,
      "height": 140
    }
  },
  {
    "__type__": "cc.Node",
    "_name": "num",
    "_parent": {
      "__id__": 1
    },
    "_components": [
      {
        "__id__": 3
      }
    ],
    "_prefab": {
      "__type__": "cc.PrefabInfo",
      "root": {
        "__id__": 1
      },
      "asset": {
        "__uuid__": "f8d+nbDFdPhbxxbvElJNVX"
      },
      "fileId": "9dwtNb1zJBgpogEbo1xAKK"
    },
    "_contentSize": {
      "__type__": "cc.Size",
      "width": 17,
      "height": 50
    },
    "_position": {
      "__type__": "cc.Vec2",
      "y": 52
    }
  },
  {
    "__type__": "cc.Label",
    "node": {
      "__id__": 2
    },
    "_useOriginalSize": false,
    "_actualFontSize": 30,
    "_fontSize": 30,
    "_lineHeight": 50,
    "_N$string": "1",
    "_N$horizontalAlign": 1,
    "_N$verticalAlign": 1
  },
  {
    "__type__": "cc.Node",
    "_name": "sp",
    "_parent": {
      "__id__": 1
    },
    "_components": [
      {
        "__id__": 5
      }
    ],
    "_prefab": {
      "__type__": "cc.PrefabInfo",
      "root": {
        "__id__": 1
      },
      "asset": {
        "__uuid__": "f8d+nbDFdPhbxxbvElJNVX"
      },
      "fileId": "92/l6VsoRJu6dm92fAYZgj"
    },
    "_contentSize": {
      "__type__": "cc.Size",
      "width": 50,
      "height": 50
    }
  },
  {
    "__type__": "cc.Sprite",
    "node": {
      "__id__": 4
    },
    "_sizeMode": 2
  }
]