[{"__type__":"cc.Prefab","_name":"radio","data":{"__id__":1},"asyncLoadAssets":null},{"__type__":"cc.Node","_name":"radio","_children":[{"__id__":2}],"_components":[{"__type__":"cc.Sprite","node":{"__id__":1},"_spriteFrame":{"__uuid__":"a3L3is84hC5olUpUL5d2JN"},"_type":1,"_sizeMode":0},{"__type__":"cc.Button","node":{"__id__":1},"transition":2,"pressedColor":{"__type__":"cc.Color","r":255,"g":255,"b":255},"_N$normalColor":{"__type__":"cc.Color","r":255,"g":255,"b":255},"_N$disabledColor":{"__type__":"cc.Color","r":255,"g":255,"b":255},"_N$normalSprite":{"__uuid__":"a3L3is84hC5olUpUL5d2JN"},"_N$pressedSprite":{"__uuid__":"e97GVMl6JHh5Ml5qEDdSGa"},"pressedSprite":{"__uuid__":"e97GVMl6JHh5Ml5qEDdSGa"},"_N$hoverSprite":{"__uuid__":"e97GVMl6JHh5Ml5qEDdSGa"},"hoverSprite":{"__uuid__":"e97GVMl6JHh5Ml5qEDdSGa"},"_N$disabledSprite":{"__uuid__":"29FYIk+N1GYaeWH/q1NxQO"},"_N$target":{"__id__":1}}],"_prefab":{"__type__":"cc.PrefabInfo","root":{"__id__":1},"asset":{"__uuid__":"52UIuPLIdLqpNsrBzE5XQF"},"fileId":"c0xd9XNMZL44V8F8rkVSKy"},"_contentSize":{"__type__":"cc.Size","width":100,"height":40},"_position":{"__type__":"cc.Vec2","x":188.6,"y":226.3}},{"__type__":"cc.Node","_name":"text","_parent":{"__id__":1},"_components":[{"__type__":"cc.Label","node":{"__id__":2},"_useOriginalSize":false,"_actualFontSize":22,"_fontSize":22,"_lineHeight":22,"_enableWrapText":false,"_N$string":"button","_N$horizontalAlign":1,"_N$verticalAlign":1,"_N$overflow":1}],"_prefab":{"__type__":"cc.PrefabInfo","root":{"__id__":1},"asset":{"__uuid__":"52UIuPLIdLqpNsrBzE5XQF"},"fileId":"3cNuAm9zhPhbduP9pL5Jzs"},"_color":{"__type__":"cc.Color"},"_contentSize":{"__type__":"cc.Size","width":100,"height":40}}]