{"__type__":"sp.SkeletonData","_name":"chanzi_3","_rawFiles":["raw-skeleton.json"],"_skeletonJson":{"skeleton":{"fps":24,"hash":" ","name":"MovieClip"},"bones":[{"name":"root"},{"name":"chanzi_3","parent":"root"}],"slots":[{"name":"chanzi_3","bone":"chanzi_3"}],"skins":{"default":{"chanzi_3":{"chanzi_3":{"name":"chanzi_3","width":78,"height":77}}}},"animations":{"newAnimation":{"bones":{"chanzi_3":{"translate":[{"time":0,"x":84.33,"y":8.55},{"time":0.125,"x":52.62,"y":-13.6},{"time":0.25,"x":84.33,"y":8.55}],"rotate":[{"time":0,"angle":0},{"time":0.125,"angle":-9.11},{"time":0.25,"angle":0}],"shear":[{"time":0},{"time":0.125},{"time":0.25}]}},"slots":{"chanzi_3":{"attachment":[{"time":0,"name":"chanzi_3"}]}}}}},"_atlasText":"\r\nchanzi_3.png\r\nsize: 81,80\r\nformat: RGBA8888\r\nfilter: Linear,Linear\r\nrepeat: none\r\nchanzi_3\r\n  rotate: false\r\n  xy: 1, 1\r\n  size: 78, 77\r\n  orig: 78, 77\r\n  offset: 0, 0\r\n  index: -1\r\n","atlasUrl":{"__uuid__":"52Bb2EaEZKNbhQb4pArKE8"},"textures":[{"__uuid__":"d9NS98WKJFRZUykxgMtunr"}]}