[
  {
    "__type__": "cc.Prefab",
    "_name": "tankhead",
    "data": {
      "__id__": 1
    },
    "asyncLoadAssets": null
  },
  {
    "__type__": "cc.Node",
    "_name": "tank",
    "_children": [
      {
        "__id__": 2
      },
      {
        "__id__": 4
      },
      {
        "__id__": 6
      }
    ],
    "_components": [
      {
        "__type__": "cda5feLYV9O4rqaNhVvMJGO",
        "node": {
          "__id__": 1
        },
        "type": 0,
        "sp": {
          "__id__": 5
        },
        "wudisp": {
          "__id__": 7
        },
        "label": {
          "__id__": 3
        }
      }
    ],
    "_prefab": {
      "__type__": "cc.PrefabInfo",
      "root": {
        "__id__": 1
      },
      "asset": {
        "__uuid__": "7e99f/+g9BCoF+T+aeOmFa"
      },
      "fileId": "90w6YAzn5Kl4GPQsP2hiNB"
    },
    "_contentSize": {
      "__type__": "cc.Size",
      "width": 70,
      "height": 70
    }
  },
  {
    "__type__": "cc.Node",
    "_name": "label",
    "_parent": {
      "__id__": 1
    },
    "_components": [
      {
        "__id__": 3
      },
      {
        "__type__": "cc.LabelOutline",
        "node": {
          "__id__": 2
        },
        "_color": {
          "__type__": "cc.Color"
        },
        "_width": 2
      }
    ],
    "_prefab": {
      "__type__": "cc.PrefabInfo",
      "root": {
        "__id__": 1
      },
      "asset": {
        "__uuid__": "7e99f/+g9BCoF+T+aeOmFa"
      },
      "fileId": "d1cddH/doRNQ4Aodz8556bh"
    },
    "_color": {
      "__type__": "cc.Color",
      "r": 250,
      "g": 249,
      "b": 248
    },
    "_contentSize": {
      "__type__": "cc.Size",
      "width": 21,
      "height": 40
    },
    "_position": {
      "__type__": "cc.Vec2",
      "y": 64
    }
  },
  {
    "__type__": "cc.Label",
    "node": {
      "__id__": 2
    },
    "_useOriginalSize": false,
    "_actualFontSize": 30,
    "_fontSize": 30,
    "_N$string": "3",
    "_N$horizontalAlign": 1,
    "_N$verticalAlign": 1
  },
  {
    "__type__": "cc.Node",
    "_name": "sp",
    "_parent": {
      "__id__": 1
    },
    "_components": [
      {
        "__id__": 5
      }
    ],
    "_prefab": {
      "__type__": "cc.PrefabInfo",
      "root": {
        "__id__": 1
      },
      "asset": {
        "__uuid__": "7e99f/+g9BCoF+T+aeOmFa"
      },
      "fileId": "6eJJAAKbJD8KKAloOYaxIq"
    },
    "_contentSize": {
      "__type__": "cc.Size",
      "width": 70,
      "height": 70
    }
  },
  {
    "__type__": "cc.Sprite",
    "node": {
      "__id__": 4
    },
    "_sizeMode": 2
  },
  {
    "__type__": "cc.Node",
    "_name": "wudisp",
    "_parent": {
      "__id__": 1
    },
    "_active": false,
    "_components": [
      {
        "__id__": 7
      },
      {
        "__type__": "cc.Widget",
        "node": {
          "__id__": 6
        },
        "_alignFlags": 45,
        "_left": -4,
        "_right": -4,
        "_top": -4,
        "_bottom": -4,
        "_originalWidth": 40,
        "_originalHeight": 40
      }
    ],
    "_prefab": {
      "__type__": "cc.PrefabInfo",
      "root": {
        "__id__": 1
      },
      "asset": {
        "__uuid__": "7e99f/+g9BCoF+T+aeOmFa"
      },
      "fileId": "1cA0749JFF/I0+8UgdRIJ2"
    },
    "_contentSize": {
      "__type__": "cc.Size",
      "width": 80,
      "height": 80
    }
  },
  {
    "__type__": "cc.Sprite",
    "node": {
      "__id__": 6
    },
    "_sizeMode": 2
  }
]