[
  {
    "__type__": "cc.SpriteFrame",
    "content": {
      "name": "bu_1001",
      "texture": "88JlPRxb5GFpDGsLyMQECC",
      "rect": [
        307,
        158,
        15,
        37
      ],
      "offset": [
        0,
        0
      ],
      "originalSize": [
        15,
        37
      ]
    }
  },
  [
    {
      "__type__": "cc.Prefab",
      "_name": "ui",
      "data": {
        "__id__": 1
      },
      "asyncLoadAssets": null
    },
    {
      "__type__": "cc.Node",
      "_name": "ui",
      "_children": [
        {
          "__id__": 2
        },
        {
          "__id__": 3
        },
        {
          "__id__": 4
        },
        {
          "__id__": 5
        },
        {
          "__id__": 7
        },
        {
          "__id__": 10
        }
      ],
      "_prefab": {
        "__type__": "cc.PrefabInfo",
        "root": {
          "__id__": 1
        },
        "asset": {
          "__id__": 0
        },
        "fileId": "debsfrWJxA0LHu29ndslWO"
      }
    },
    {
      "__type__": "cc.Node",
      "_name": "start",
      "_parent": {
        "__id__": 1
      },
      "_components": [
        {
          "__type__": "cc.Label",
          "node": {
            "__id__": 2
          },
          "_useOriginalSize": false,
          "_actualFontSize": 55,
          "_fontSize": 55,
          "_lineHeight": 60,
          "_enableWrapText": false,
          "_N$string": "start",
          "_N$horizontalAlign": 1,
          "_N$verticalAlign": 1,
          "_N$overflow": 1
        }
      ],
      "_prefab": {
        "__type__": "cc.PrefabInfo",
        "root": {
          "__id__": 1
        },
        "asset": {
          "__id__": 0
        },
        "fileId": "bd2ErR7IRIQLN185UFuUVV"
      },
      "_color": {
        "__type__": "cc.Color",
        "r": 245,
        "g": 245,
        "b": 245
      },
      "_contentSize": {
        "__type__": "cc.Size",
        "width": 300,
        "height": 120
      },
      "_position": {
        "__type__": "cc.Vec2",
        "y": -254
      }
    },
    {
      "__type__": "cc.Node",
      "_name": "jiem_logo",
      "_parent": {
        "__id__": 1
      },
      "_components": [
        {
          "__type__": "cc.Sprite",
          "node": {
            "__id__": 3
          },
          "_spriteFrame": {
            "__uuid__": "2fs0XbG8VM96qbjO9mpR8y"
          }
        }
      ],
      "_prefab": {
        "__type__": "cc.PrefabInfo",
        "root": {
          "__id__": 1
        },
        "asset": {
          "__id__": 0
        },
        "fileId": "abvxvzcalE8JtPm0WZcWbW"
      },
      "_contentSize": {
        "__type__": "cc.Size",
        "width": 405,
        "height": 425
      },
      "_position": {
        "__type__": "cc.Vec2",
        "y": 281
      }
    },
    {
      "__type__": "cc.Node",
      "_name": "jiem_tanke",
      "_parent": {
        "__id__": 1
      },
      "_components": [
        {
          "__type__": "cc.Sprite",
          "node": {
            "__id__": 4
          },
          "_spriteFrame": {
            "__uuid__": "f3hx2jZQdN+aYtFPdLPoPH"
          },
          "_sizeMode": 2,
          "_isTrimmedMode": false
        }
      ],
      "_prefab": {
        "__type__": "cc.PrefabInfo",
        "root": {
          "__id__": 1
        },
        "asset": {
          "__id__": 0
        },
        "fileId": "0dR9Ts72ZJirKA5MPjLce1"
      },
      "_contentSize": {
        "__type__": "cc.Size",
        "width": 70,
        "height": 70
      },
      "_position": {
        "__type__": "cc.Vec2",
        "y": -162
      }
    },
    {
      "__type__": "cc.Node",
      "_name": "share",
      "_parent": {
        "__id__": 1
      },
      "_children": [
        {
          "__id__": 6
        }
      ],
      "_components": [
        {
          "__type__": "cc.Sprite",
          "node": {
            "__id__": 5
          },
          "_spriteFrame": {
            "__uuid__": "ecN75x6llNOoMrY0ZBOs5M"
          },
          "_type": 1,
          "_sizeMode": 0
        },
        {
          "__type__": "cc.Button",
          "node": {
            "__id__": 5
          },
          "transition": 2,
          "pressedColor": {
            "__type__": "cc.Color",
            "r": 255,
            "g": 255,
            "b": 255
          },
          "clickEvents": [
            null
          ],
          "_N$normalColor": {
            "__type__": "cc.Color",
            "r": 255,
            "g": 255,
            "b": 255
          },
          "_N$disabledColor": {
            "__type__": "cc.Color",
            "r": 255,
            "g": 255,
            "b": 255
          },
          "_N$normalSprite": {
            "__uuid__": "ecN75x6llNOoMrY0ZBOs5M"
          },
          "_N$pressedSprite": {
            "__uuid__": "ecN75x6llNOoMrY0ZBOs5M"
          },
          "pressedSprite": {
            "__uuid__": "ecN75x6llNOoMrY0ZBOs5M"
          },
          "_N$hoverSprite": {
            "__uuid__": "ecN75x6llNOoMrY0ZBOs5M"
          },
          "hoverSprite": {
            "__uuid__": "ecN75x6llNOoMrY0ZBOs5M"
          },
          "_N$disabledSprite": {
            "__uuid__": "ecN75x6llNOoMrY0ZBOs5M"
          },
          "_N$target": {
            "__id__": 5
          }
        }
      ],
      "_prefab": {
        "__type__": "cc.PrefabInfo",
        "root": {
          "__id__": 1
        },
        "asset": {
          "__id__": 0
        },
        "fileId": "03ZeJKQKJMkrMfBeJRLAXx"
      },
      "_contentSize": {
        "__type__": "cc.Size",
        "width": 253,
        "height": 86
      },
      "_position": {
        "__type__": "cc.Vec2",
        "x": 13,
        "y": -436
      }
    },
    {
      "__type__": "cc.Node",
      "_name": "Label",
      "_parent": {
        "__id__": 5
      },
      "_components": [
        {
          "__type__": "cc.Label",
          "node": {
            "__id__": 6
          },
          "_useOriginalSize": false,
          "_actualFontSize": 20,
          "_fontSize": 20,
          "_enableWrapText": false,
          "_N$string": "",
          "_N$horizontalAlign": 1,
          "_N$verticalAlign": 1,
          "_N$overflow": 1
        }
      ],
      "_prefab": {
        "__type__": "cc.PrefabInfo",
        "root": {
          "__id__": 1
        },
        "asset": {
          "__id__": 0
        },
        "fileId": "34BVHqPoJKVZ8Ek/5L3pjB"
      },
      "_color": {
        "__type__": "cc.Color"
      },
      "_contentSize": {
        "__type__": "cc.Size",
        "width": 100,
        "height": 40
      }
    },
    {
      "__type__": "cc.Node",
      "_name": "history",
      "_parent": {
        "__id__": 1
      },
      "_children": [
        {
          "__id__": 8
        },
        {
          "__id__": 9
        }
      ],
      "_prefab": {
        "__type__": "cc.PrefabInfo",
        "root": {
          "__id__": 1
        },
        "asset": {
          "__id__": 0
        },
        "fileId": "c81cIkot1IlLZshxcuGeK6"
      },
      "_position": {
        "__type__": "cc.Vec2",
        "y": -565
      }
    },
    {
      "__type__": "cc.Node",
      "_name": "jiem_icon",
      "_parent": {
        "__id__": 7
      },
      "_components": [
        {
          "__type__": "cc.Sprite",
          "node": {
            "__id__": 8
          },
          "_spriteFrame": {
            "__uuid__": "20QBrQzYBJWp/Z0G83tZl0"
          }
        }
      ],
      "_prefab": {
        "__type__": "cc.PrefabInfo",
        "root": {
          "__id__": 1
        },
        "asset": {
          "__id__": 0
        },
        "fileId": "dcc1af/PVP6KB26hegW0ug"
      },
      "_contentSize": {
        "__type__": "cc.Size",
        "width": 41,
        "height": 39
      },
      "_position": {
        "__type__": "cc.Vec2",
        "x": -41,
        "y": 226
      }
    },
    {
      "__type__": "cc.Node",
      "_name": "number",
      "_parent": {
        "__id__": 7
      },
      "_components": [
        {
          "__type__": "cc.Label",
          "node": {
            "__id__": 9
          },
          "_useOriginalSize": false,
          "_actualFontSize": 55,
          "_fontSize": 55,
          "_lineHeight": 50,
          "_N$string": "0",
          "_N$verticalAlign": 1
        }
      ],
      "_prefab": {
        "__type__": "cc.PrefabInfo",
        "root": {
          "__id__": 1
        },
        "asset": {
          "__id__": 0
        },
        "fileId": "e5/5O8GltJsI7cm+fqz/sp"
      },
      "_anchorPoint": {
        "__type__": "cc.Vec2",
        "y": 0.5
      },
      "_contentSize": {
        "__type__": "cc.Size",
        "width": 31,
        "height": 50
      },
      "_position": {
        "__type__": "cc.Vec2",
        "x": 9,
        "y": 226
      }
    },
    {
      "__type__": "cc.Node",
      "_name": "buillet",
      "_parent": {
        "__id__": 1
      },
      "_children": [
        {
          "__id__": 11
        },
        {
          "__id__": 12
        },
        {
          "__id__": 13
        },
        {
          "__id__": 14
        }
      ],
      "_prefab": {
        "__type__": "cc.PrefabInfo",
        "root": {
          "__id__": 1
        },
        "asset": {
          "__id__": 0
        },
        "fileId": "33oYtOPJhMTI4WoPF73dIw"
      }
    },
    {
      "__type__": "cc.Node",
      "_name": "jiem_zidan",
      "_parent": {
        "__id__": 10
      },
      "_components": [
        {
          "__type__": "cc.Sprite",
          "node": {
            "__id__": 11
          },
          "_spriteFrame": {
            "__uuid__": "33mwStsnhFGbWyuFd0pGiS"
          },
          "_sizeMode": 2
        }
      ],
      "_prefab": {
        "__type__": "cc.PrefabInfo",
        "root": {
          "__id__": 1
        },
        "asset": {
          "__id__": 0
        },
        "fileId": "70QzCylbNAYJQbBvGAlZ8D"
      },
      "_contentSize": {
        "__type__": "cc.Size",
        "width": 15,
        "height": 37
      },
      "_position": {
        "__type__": "cc.Vec2",
        "y": 19
      }
    },
    {
      "__type__": "cc.Node",
      "_name": "jiem_zidan",
      "_parent": {
        "__id__": 10
      },
      "_components": [
        {
          "__type__": "cc.Sprite",
          "node": {
            "__id__": 12
          },
          "_spriteFrame": {
            "__uuid__": "33mwStsnhFGbWyuFd0pGiS"
          },
          "_sizeMode": 2
        }
      ],
      "_prefab": {
        "__type__": "cc.PrefabInfo",
        "root": {
          "__id__": 1
        },
        "asset": {
          "__id__": 0
        },
        "fileId": "e8Hg9i6+dM5a7W3o0gq+id"
      },
      "_contentSize": {
        "__type__": "cc.Size",
        "width": 15,
        "height": 37
      },
      "_position": {
        "__type__": "cc.Vec2",
        "x": 12,
        "y": -25
      }
    },
    {
      "__type__": "cc.Node",
      "_name": "jiem_zidan",
      "_parent": {
        "__id__": 10
      },
      "_components": [
        {
          "__type__": "cc.Sprite",
          "node": {
            "__id__": 13
          },
          "_spriteFrame": {
            "__uuid__": "33mwStsnhFGbWyuFd0pGiS"
          },
          "_sizeMode": 2
        }
      ],
      "_prefab": {
        "__type__": "cc.PrefabInfo",
        "root": {
          "__id__": 1
        },
        "asset": {
          "__id__": 0
        },
        "fileId": "7c6hA7Ja1FCaaVgY+3mOtR"
      },
      "_contentSize": {
        "__type__": "cc.Size",
        "width": 15,
        "height": 37
      },
      "_position": {
        "__type__": "cc.Vec2",
        "x": -16,
        "y": -50
      }
    },
    {
      "__type__": "cc.Node",
      "_name": "jiem_zidan",
      "_parent": {
        "__id__": 10
      },
      "_components": [
        {
          "__type__": "cc.Sprite",
          "node": {
            "__id__": 14
          },
          "_spriteFrame": {
            "__uuid__": "33mwStsnhFGbWyuFd0pGiS"
          },
          "_sizeMode": 2
        }
      ],
      "_prefab": {
        "__type__": "cc.PrefabInfo",
        "root": {
          "__id__": 1
        },
        "asset": {
          "__id__": 0
        },
        "fileId": "9fI4xCDKVB/6zxVUJ3QbWf"
      },
      "_contentSize": {
        "__type__": "cc.Size",
        "width": 15,
        "height": 37
      },
      "_position": {
        "__type__": "cc.Vec2",
        "y": -91
      }
    }
  ],
  {
    "__type__": "cc.SpriteFrame",
    "content": {
      "name": "t_1001",
      "texture": "88JlPRxb5GFpDGsLyMQECC",
      "rect": [
        144,
        156,
        68,
        68
      ],
      "offset": [
        0,
        1
      ],
      "originalSize": [
        70,
        70
      ]
    }
  }
]