{"__type__":"sp.SkeletonData","_name":"chutou_1","_rawFiles":["raw-skeleton.json"],"_skeletonJson":{"skeleton":{"fps":24,"hash":" ","name":"MovieClip"},"bones":[{"name":"root"},{"name":"chutou_1","parent":"root"}],"slots":[{"name":"chutou_1","bone":"chutou_1"}],"skins":{"default":{"chutou_1":{"chutou_1":{"name":"chutou_1","width":80,"height":66}}}},"animations":{"newAnimation":{"bones":{"chutou_1":{"translate":[{"time":0,"x":-7.49,"y":-20.76},{"time":0.125,"x":22.33,"y":9.67},{"time":0.25,"x":-7.49,"y":-20.76}],"rotate":[{"time":0,"angle":19.64},{"time":0.125,"angle":-22},{"time":0.25,"angle":19.64}],"shear":[{"time":0},{"time":0.125},{"time":0.25}]}},"slots":{"chutou_1":{"attachment":[{"time":0,"name":"chutou_1"}]}}}}},"_atlasText":"\r\nchutou_1.png\r\nsize: 83,69\r\nformat: RGBA8888\r\nfilter: Linear,Linear\r\nrepeat: none\r\nchutou_1\r\n  rotate: false\r\n  xy: 1, 1\r\n  size: 80, 66\r\n  orig: 80, 66\r\n  offset: 0, 0\r\n  index: -1\r\n","atlasUrl":{"__uuid__":"30zI3GENdHQalsuLkuZ2pT"},"textures":[{"__uuid__":"b1gNk7zVBBjLNg6gyF9Tq1"}]}