{"__type__":"sp.SkeletonData","_name":"chutou_1","_rawFiles":["raw-skeleton.json"],"_skeletonJson":{"skeleton":{"fps":24,"hash":" ","name":"MovieClip"},"bones":[{"name":"root"},{"name":"chutou_1","parent":"root"}],"slots":[{"name":"chutou_1","bone":"chutou_1"}],"skins":{"default":{"chutou_1":{"chutou_1":{"name":"chutou_1","width":80,"height":66}}}},"animations":{"newAnimation":{"bones":{"chutou_1":{"translate":[{"time":0,"x":-7.49,"y":-20.76},{"time":0.125,"x":22.33,"y":9.67},{"time":0.25,"x":-7.49,"y":-20.76}],"rotate":[{"time":0,"angle":19.64},{"time":0.125,"angle":-22},{"time":0.25,"angle":19.64}],"shear":[{"time":0},{"time":0.125},{"time":0.25}]}},"slots":{"chutou_1":{"attachment":[{"time":0,"name":"chutou_1"}]}}}}},"_atlasText":"\nchutou_1.png\nsize: 83,69\nformat: RGBA8888\nfilter: Linear,Linear\nrepeat: none\nchutou_1\n  rotate: false\n  xy: 1, 1\n  size: 80, 66\n  orig: 80, 66\n  offset: 0, 0\n  index: -1\n","atlasUrl":{"__uuid__":"30zI3GENdHQalsuLkuZ2pT"},"textures":[{"__uuid__":"b1gNk7zVBBjLNg6gyF9Tq1"}]}